User1_ID,User2_ID,h1,h2,P1,P2,R1_bitsHz,R2_bitsHz,R_sum_bitsHz,Mode,Throughput_Mbps
330,43,6.84928963420941e-06,5.229374648942612e-05,0.9953950506416773,0.004604949358322674,7.717778910163781,7.917730422145068,15.63550933230885,NOMA,1.1454585591435056
451,156,7.27766333850723e-06,5.444262243264255e-05,0.9954611576028971,0.0045388423971028935,7.740630712260849,7.954815622446482,15.69544633470733,NOMA,1.1498495483302074
67,68,2.5662961635651e-06,2.474820970178462e-05,0.9930225680671378,0.006977431932862155,7.085249799314707,7.4402790876778635,14.525528886992571,NOMA,1.064141310402386
328,316,1.0929381179772192e-06,2.0190895464511933e-05,0.9915562931983556,0.008443706801644413,6.740799919453201,7.421947001825358,14.162746921278558,NOMA,1.0375638770167441
117,498,1.3121688138025815e-05,0.00019608300109708984,0.9975944629448508,0.0024055370551492317,8.654538318070301,8.884735044443705,17.539273362514006,NOMA,1.2849284514662274
58,52,1.25050585907983e-05,0.00014024575530551894,0.9971666097042651,0.0028333902957349277,8.423216687730628,8.637968680654266,17.061185368384894,NOMA,1.2499036899915672
397,23,1.010842302673991e-05,7.668556165880627e-05,0.9961942950372882,0.00380570496271182,8.00074028091269,8.193981739639487,16.194722020552177,NOMA,1.186426521652174
292,15,4.612771047592017e-06,3.255825737030402e-05,0.9941018460442611,0.005898153955738894,7.353757870267675,7.592708287271462,14.946466157539136,NOMA,1.0949792056805228
73,401,4.915254880278134e-06,3.551587619645081e-05,0.9943818796257736,0.005618120374226376,7.424669828446666,7.647692028206285,15.07236185665295,NOMA,1.104202333820729
332,423,1.148694703817442e-06,2.039843287195776e-05,0.991663256508502,0.008336743491498044,6.764262024854152,7.4183291370276,14.182591161881753,NOMA,1.0390176675371248
198,226,1.1122207364327032e-05,9.641555818727196e-05,0.9966221482778739,0.003377851722126124,8.17190913339601,8.351723102059369,16.52363223545538,NOMA,1.2105225080919693
407,225,6.514578959568737e-06,4.830106762216025e-05,0.9951811240213844,0.004818875978615633,7.652069796120115,7.868864859873202,15.520934655993317,NOMA,1.1370648099628804
145,490,2.6641371093217026e-06,2.558468479018084e-05,0.9931547819895772,0.0068452180104228155,7.114212165147932,7.460519337591843,14.574731502739775,NOMA,1.0677458976366137
416,436,8.323330841849003e-06,6.57500312158904e-05,0.9958890108434826,0.0041109891565174195,7.884913445490116,8.083732822448837,15.968646267938954,NOMA,1.1698641954534033
134,350,6.114025923479777e-06,4.134045519304526e-05,0.9948349834786523,0.0051650165213477095,7.552270494399391,7.7449961505417555,15.297266644941146,NOMA,1.1206788750872636
42,395,2.3801122632636902e-06,2.403618018646025e-05,0.9928747484080647,0.007125251591935333,7.050792950006522,7.428476011964501,14.479268961971023,NOMA,1.0607523049063021
418,342,1.171818828690681e-05,0.00011510131627981849,0.9968865761227526,0.0031134238772474454,8.288394056051793,8.489282756357543,16.777676812409336,NOMA,1.2291338324109404
53,264,1.3336729039958015e-05,0.0002102495784868199,0.9976605699060704,0.002339430093929562,8.69422117253717,8.945046356156631,17.6392675286938,NOMA,1.2922540314061393
88,29,5.214629111009444e-06,3.614239639246715e-05,0.9944227359747004,0.0055772640252995664,7.437731600807179,7.662317224336512,15.100048825143691,NOMA,1.1062306831607098
460,239,1.34459454487155e-05,0.00021271589850015146,0.9976605699060704,0.002339430093929562,8.694584263731956,8.961837373929537,17.656421637661495,NOMA,1.2935107426858237
430,34,6.500104004739735e-06,4.595962240412608e-05,0.9950741607112381,0.004925839288761891,7.621267754774169,7.8290231833220005,15.45029093809617,NOMA,1.1318894460143714
317,184,8.95401328852085e-06,6.649482235468536e-05,0.9959142614557757,0.004085738544224338,7.896442463784463,8.09106750474328,15.987509968527743,NOMA,1.1712461515404942
375,305,8.202593612458835e-07,1.9375984089577053e-05,0.9909553696864037,0.009044630313596258,6.6080550402650715,7.461468094376237,14.069523134641308,NOMA,1.0307342955781178
59,66,2.003934433505264e-06,2.247561166501999e-05,0.9925286078653326,0.0074713921346674095,6.971850014808957,7.400231428639118,14.372081443448074,NOMA,1.0528997394467452
238,208,4.677003353256137e-06,3.367159356611944e-05,0.9942088093544075,0.0057911906455925255,7.379927807126319,7.614699669268694,14.994627476395014,NOMA,1.098507507428206
469,294,7.310061336040945e-06,5.465025862002085e-05,0.9955020139518238,0.004497986048176195,7.753479584118417,7.947292700103406,15.700772284221824,NOMA,1.1502397277818184
201,243,6.84331376875097e-06,5.2270293555623866e-05,0.9953950506416773,0.004604949358322674,7.717740379265464,7.917085927633899,15.634826306899363,NOMA,1.145408520651968
2,380,1.2495439520982861e-05,0.00014007836176933267,0.9971666097042651,0.0028333902957349277,8.423186292537945,8.636250018121586,17.05943631065953,NOMA,1.249775553894471
216,269,5.1228411551671406e-06,3.568664384044604e-05,0.9943818796257736,0.005618120374226376,7.426702422048569,7.654577752837059,15.081280174885627,NOMA,1.1048556904678115
124,433,2.6821343980136874e-06,2.5598732734780055e-05,0.9931547819895772,0.0068452180104228155,7.114711857891837,7.461306774884254,14.57601863277609,NOMA,1.0678401928773693
491,89,4.634647584955438e-06,3.2953486948759806e-05,0.9941427023931879,0.005857297606812084,7.363671024097236,7.600049521705586,14.963720545802822,NOMA,1.0962432634287782
386,376,7.175293733346398e-06,5.3863300615436247e-05,0.9954611576028971,0.0045388423971028935,7.740028860568669,7.939444238039845,15.679473098608515,NOMA,1.1486793478834076
261,429,2.301940391040552e-06,2.4039976441929633e-05,0.9928747484080647,0.007125251591935333,7.048088058002726,7.428702529577787,14.476790587580513,NOMA,1.0605707390168875
290,236,7.82198778427454e-06,5.8477341221077634e-05,0.9956342278742631,0.004365772125736855,7.79809159076671,8.00168261134078,15.79977420210749,NOMA,1.1574926155390102
171,357,1.229773265539699e-05,0.00012909896786144755,0.9970343957818256,0.002965604218174378,8.358549962912676,8.584423056048484,16.942973018961162,NOMA,1.2412434446125393
483,222,1.4346491802741783e-06,2.106173677116457e-05,0.9920093970512341,0.007990602948765857,6.84782564153466,7.403403871535944,14.251229513070605,NOMA,1.0440461181736707
327,392,1.923894698450454e-06,2.2319719919324124e-05,0.9925033572530395,0.007496642746960491,6.963575566967081,7.395088225142744,14.358663792109825,NOMA,1.051916761326727
406,258,5.977671604052258e-06,3.8304436241858526e-05,0.9946210568583593,0.0053789431416406686,7.4945175527391275,7.693747487608468,15.188265040347595,NOMA,1.1126934095492742
57,142,6.471537144095809e-06,4.566481328524747e-05,0.9950741607112381,0.004925839288761891,7.621075873693097,7.819780132303703,15.4408560059968,NOMA,1.131198242197568
441,5,3.6224438369442965e-06,2.9566857963809394e-05,0.9937557055015289,0.006244294498471081,7.2612328159142745,7.536240753336338,14.797473569250613,NOMA,1.0840639977472977
101,251,6.568427660611446e-06,4.971614511243686e-05,0.9952472309826041,0.0047527690173958526,7.671747109298588,7.890503566106508,15.562250675405096,NOMA,1.1400916245718018
81,250,6.545536301819917e-06,4.8510535532487294e-05,0.9952219803703111,0.004778019629688934,7.6641842573565215,7.862849893936502,15.527034151293023,NOMA,1.1375116594353862
129,468,2.015417245274096e-06,2.2608986108998658e-05,0.9925694642142593,0.007430535785740711,6.979777566006681,7.400852804758623,14.380630370765303,NOMA,1.0535260344883006
364,92,1.0294119702984077e-05,7.755854506783977e-05,0.9962351513862149,0.003764848613785121,8.016579454442258,8.194738049463348,16.211317503905605,NOMA,1.1876423079784326
37,19,1.086389073448207e-06,2.00269134448541e-05,0.9915154368494288,0.008484563150571223,6.733677000979347,7.417174135484903,14.15085113646425,NOMA,1.036692390949762
159,402,4.293022697438018e-06,3.0962249904856445e-05,0.9939696321218217,0.006030367878178344,7.319196400136689,7.552390576794291,14.871586976930981,NOMA,1.0894935514235151
103,128,1.428437302007131e-05,0.00031610646258681306,0.9980475667977293,0.0019524332022706758,8.949788537039037,9.27187559137886,18.2216641284179,NOMA,1.3349204489683442
74,303,7.5871221501214305e-06,5.6118906298833826e-05,0.9955681209130434,0.004431879086956636,7.775776355362461,7.964122539070305,15.739898894432766,NOMA,1.1531061461122905
188,337,1.615441832514216e-07,1.9195375188543335e-05,0.9859303709558123,0.014069629044187737,5.634133260273389,8.082531269056725,13.716664529330114,NOMA,1.0048838483025724
325,443,3.629345362002616e-06,2.982027637914651e-05,0.9937809561138218,0.006219043886178222,7.266946469611057,7.542672900384977,14.809619369996033,NOMA,1.0849537999997094
494,224,3.219187329885879e-06,2.801031636822821e-05,0.9935417788812362,0.006458221118763818,7.2073198066564705,7.506976485082941,14.714296291739412,NOMA,1.0779704243032537
308,123,1.2648681613312253e-05,0.00014116512700639074,0.9971666097042651,0.0028333902957349277,8.42366509706918,8.647371721677136,17.071036818746315,NOMA,1.250625407966763
428,352,1.1974803202991898e-06,2.0439186982490298e-05,0.991688507120795,0.008311492879204962,6.773756203459839,7.416841067943034,14.190597271402872,NOMA,1.03960419570717
306,217,8.446066335447897e-06,6.59378223166089e-05,0.9958890108434826,0.0041109891565174195,7.885506350491477,8.087832338926967,15.973338689418444,NOMA,1.1702079625947577
252,202,5.39559795083335e-06,3.7252224439901785e-05,0.9945140935482131,0.005485906451786926,7.462386740451971,7.68202697540772,15.144413715859692,NOMA,1.1094808583047393
448,473,9.461872735533028e-06,7.212191087920656e-05,0.9960873317271417,0.0039126682728582995,7.959331513222469,8.145621990222873,16.10495350344534,NOMA,1.1798500735124793
266,439,5.8873685804466436e-06,3.8247104627301155e-05,0.9946210568583593,0.0053789431416406686,7.493853947976133,7.691596982219298,15.185450930195431,NOMA,1.112487247633365
489,21,9.212686405772486e-06,7.093632152644993e-05,0.9960620811148488,0.003937918885151159,7.9492788089617585,8.131041415506482,16.08032022446824,NOMA,1.178045437689981
25,93,2.011845535445084e-06,2.266274485424537e-05,0.9925694642142593,0.007430535785740711,6.979618521293225,7.404258865125307,14.383877386418533,NOMA,1.0537639110929329
40,76,1.4007550254161143e-05,0.0002524368147504272,0.9978336401774366,0.002166359822563413,8.803838475688652,9.097687093360612,17.901525569049262,NOMA,1.3114670746556236
471,161,2.090422765692844e-06,2.3213135992805676e-05,0.9926764275244058,0.007323572475594231,7.002640508800279,7.417878532341377,14.420519041141656,NOMA,1.0564482814023193
190,100,1.1878534742494065e-05,0.00012040802137641411,0.996968288820606,0.0030317111793940477,8.326258352978659,8.515866741727066,16.842125094705725,NOMA,1.2338553182934597
310,335,4.2804482650208885e-06,3.0700773436258636e-05,0.993928775772895,0.006071224227105043,7.309660472134544,7.549910006443596,14.859570478578139,NOMA,1.0886132218738565
398,139,6.170650125743218e-06,4.306368104356392e-05,0.9949010904398718,0.005098909560128151,7.570690054014913,7.785143886206766,15.355833940221679,NOMA,1.1249695194301597
211,175,1.1094095768987881e-05,8.695954570964878e-05,0.9964334722698738,0.0035665277301262233,8.095385556024633,8.281436905645894,16.37682246167053,NOMA,1.1997672133091963
168,86,3.190195238583361e-06,2.7369071949876218e-05,0.9934756719200165,0.006524328079983488,7.192706638229174,7.488360794091026,14.6810674323202,NOMA,1.0755360756278534
17,229,7.277238240753935e-06,5.447013326723818e-05,0.9954611576028971,0.0045388423971028935,7.740628247519071,7.955541521168994,15.696169768688065,NOMA,1.1499025471566346
467,120,1.1700516855670594e-05,0.00011376969775462085,0.9968613255104595,0.003138674489540527,8.276992832922353,8.48416249833255,16.761155331254905,NOMA,1.2279234674912018
256,32,8.174946494258081e-06,6.192044646993339e-05,0.9957820475333363,0.004217952466663677,7.848173490202347,8.034400068546434,15.882573558748781,NOMA,1.1635585024724382
155,345,5.221939391029553e-06,3.6277106031262036e-05,0.9944479865869933,0.005552013413006707,7.444127070868178,7.6611437372659115,15.10527080813409,NOMA,1.1066132460171494
284,154,4.559626909004579e-06,3.204744894706418e-05,0.9940609896953343,0.005939010304665704,7.343562299965411,7.579920268413429,14.92348256837884,NOMA,1.0932954262548602
22,115,7.000868595282464e-06,5.291975094765132e-05,0.9953950506416773,0.004604949358322674,7.718734590917815,7.934827682825731,15.653562273743546,NOMA,1.1467811189555712
33,10,1.0979796522837197e-05,8.456552592042542e-05,0.9964082216575809,0.003591778342419083,8.08509119003715,8.25143802613471,16.33652921617186,NOMA,1.1968153271920776
13,370,7.557963841546155e-06,5.47633271068677e-05,0.9955020139518238,0.004497986048176195,7.754870478529266,7.950262407590722,15.705132886119987,NOMA,1.150559185796336
277,162,1.0267124098021012e-05,7.73804581001469e-05,0.9962351513862149,0.003764848613785121,8.016484410699958,8.1914329113349,16.20791732203486,NOMA,1.187393210405484
348,437,5.577558893110224e-06,3.726396133242764e-05,0.9945549498971398,0.005445050102860227,7.474359110124419,7.671747232551855,15.146106342676273,NOMA,1.109604860269324
318,368,1.2093749346306705e-05,0.00012383140724830653,0.9969935394328988,0.003006460567101188,8.338694622712216,8.54416944858878,16.882864071300997,NOMA,1.2368398587033698
427,138,3.0288101198037962e-06,2.5988731624256844e-05,0.9932617452997237,0.006738254700276336,7.144873302996065,7.460404232947168,14.605277535943234,NOMA,1.0699837022669036
414,413,1.06837572708353e-05,7.992429547312375e-05,0.9963012583474344,0.0036987416525655625,8.042830360586986,8.21246876260705,16.255299123194035,NOMA,1.1908644046295995
241,384,1.400879980659236e-06,2.118645186178988e-05,0.9920093970512341,0.007990602948765857,6.845062285387046,7.41187129663458,14.256933582021626,NOMA,1.044463998682903
333,381,8.130378452209758e-06,5.909637328783694e-05,0.9956750842231898,0.0043249157768101565,7.812833706593439,8.003303352348647,15.816137058942086,NOMA,1.1586913596294568
313,334,9.818530892564619e-06,7.638844394139283e-05,0.9961942950372882,0.00380570496271182,7.999665700372259,8.188400332126369,16.18806603249863,NOMA,1.1859389034797532
417,265,6.07715536283731e-06,3.8813398067809586e-05,0.9946619132072861,0.005338086792713859,7.505898380115273,7.701752026350903,15.207650406466175,NOMA,1.114113582891295
219,11,5.024799120523422e-06,3.557843042601268e-05,0.9943818796257736,0.005618120374226376,7.42576300580265,7.650218167435971,15.07598117323862,NOMA,1.1044674852189467
189,421,1.363044997533354e-05,0.00022167324660322688,0.9977014262549972,0.002298573745002752,8.719823280433829,8.995858442216772,17.7156817226506,NOMA,1.2978521408535237
157,463,3.787847705543428e-06,3.0511978155486293e-05,0.9938626688116754,0.006137331188324602,7.287792668930109,7.55659889879449,14.8443915677246,NOMA,1.087501213752718
247,137,4.218187893501761e-06,3.059906555920737e-05,0.993928775772895,0.006071224227105043,7.308876625643603,7.545148191076845,14.854024816720448,NOMA,1.0882069462798865
287,475,4.842354579132354e-06,3.507686125260674e-05,0.9943410232768468,0.005658976723153186,7.413831085103682,7.640238726833441,15.054069811937122,NOMA,1.1028622572847708
307,130,1.3558249837536707e-06,2.0965627464703896e-05,0.9919432900900145,0.008056709909985527,6.830284427637477,7.4086607355005825,14.238945163138059,NOMA,1.04314616579766
205,55,1.6043962264270585e-06,2.1250894171362582e-05,0.9921416109736736,0.007858389026326407,6.882333767639676,7.392298474880407,14.274632242520084,NOMA,1.0457606038476253
131,110,6.60578629043172e-06,5.1048377872672914e-05,0.9953289436804575,0.004671056319542455,7.69623975142168,7.903579709931624,15.599819461353304,NOMA,1.1428439165826596
273,82,1.2274027742254446e-06,2.0478148250225053e-05,0.9917293634697217,0.008270636530278264,6.783414733596754,7.412504821313151,14.195919554909905,NOMA,1.0399941065868061
233,339,9.459997959739221e-07,1.9964862117325134e-05,0.9913171159657697,0.008682884034230343,6.683391685068531,7.44586392335975,14.12925560842828,NOMA,1.0351103009837568
383,153,9.091713645966416e-06,6.981178860026612e-05,0.996021224765922,0.003978775234077969,7.934277635013896,8.122907777024412,16.057185412038308,NOMA,1.1763505796365061
109,87,4.7743204947847805e-06,3.433681381570125e-05,0.9942749163156273,0.005725083684372745,7.396950813216658,7.626301377199798,15.023252190416457,NOMA,1.1006045560744657
111,84,5.293186022359594e-06,3.691593011303779e-05,0.99448884293592,0.005511157064080008,7.455074851377644,7.675600646916923,15.130675498294567,NOMA,1.1084743954794554
199,182,9.973266502998964e-06,7.657078283852611e-05,0.9961942950372882,0.00380570496271182,8.000246951713809,8.191828158542375,16.192075110256184,NOMA,1.1862326088099768
270,3,1.1039327143924869e-05,8.506212991901488e-05,0.9964082216575809,0.003591778342419083,8.085282889231461,8.259857714541326,16.345140603772787,NOMA,1.1974461980785926
191,355,7.376581327969112e-06,5.4735741311433256e-05,0.9955020139518238,0.004497986048176195,7.753861846795728,7.949538439108416,15.703400285904145,NOMA,1.150432255377593
141,231,4.880478370544386e-06,3.5170292905265537e-05,0.9943410232768468,0.005658976723153186,7.414225590787007,7.64405720736991,15.058282798156917,NOMA,1.1031709009638766
44,210,1.2266961454288248e-05,0.0001272929723979125,0.9970343957818256,0.002965604218174378,8.358453678467683,8.564151685042486,16.92260536351017,NOMA,1.2397513086820635
486,272,1.1103075101248994e-05,9.631924198200285e-05,0.9966221482778739,0.003377851722126124,8.171844903222283,8.350285589446202,16.522130492668484,NOMA,1.2104124903053834
492,425,4.4575952810532644e-06,3.161348555153451e-05,0.9940357390830414,0.005964260916958564,7.336495492081725,7.566442838331155,14.90293833041288,NOMA,1.0917903538764013
214,8,1.2998283353805253e-05,0.00017866144160077655,0.9974874996347043,0.002512500365295711,8.593258706520103,8.813418667858613,17.406677374378717,NOMA,1.2752144596614443
390,377,1.7845599051450668e-06,2.224522254713259e-05,0.9924216445551861,0.007578355444813889,6.941790983552044,7.405840965821849,14.347631949373893,NOMA,1.0511085677196992
400,197,6.207015003260981e-06,4.296195384447057e-05,0.9949010904398718,0.005098909560128151,7.570949069839864,7.78174733445408,15.352696404293944,NOMA,1.1247396633182378
146,356,9.303979848534886e-06,7.170817095951344e-05,0.9960620811148488,0.003937918885151159,7.949657059856791,8.14659902173792,16.09625608159471,NOMA,1.1792128997505282
302,65,2.5197320707031905e-06,2.452253815628516e-05,0.9929817117182111,0.007018288281788854,7.075879710085181,7.435513938757785,14.511393648842965,NOMA,1.0631057618199973
322,394,1.125588737218028e-05,9.707176849725301e-05,0.9966221482778739,0.003377851722126124,8.172351904830283,8.361479056323901,16.533830961154184,NOMA,1.2112696674838228
412,99,3.437476135429125e-06,2.8940015838957865e-05,0.9936487421913824,0.006351257808617561,7.2345495066902465,7.529863895566358,14.764413402256604,NOMA,1.0816420074913262
452,472,8.042020937791911e-06,5.853358013254415e-05,0.9956342278742631,0.004365772125736855,7.799209994047564,8.00306400700828,15.802274001055844,NOMA,1.1576757509931022
422,234,6.913677979055597e-06,5.2855145015801974e-05,0.9953950506416773,0.004604949358322674,7.718189909571111,7.933072530558409,15.65126244012952,NOMA,1.1466126329765216
481,497,6.095258576310739e-06,4.130897866481134e-05,0.9948349834786523,0.0051650165213477095,7.552134879834259,7.7439023917976595,15.296037271631919,NOMA,1.1205888111085653
20,196,6.556670977883078e-06,4.881455128515092e-05,0.9952219803703111,0.004778019629688934,7.66425979642157,7.871824458362936,15.536084254784505,NOMA,1.1381746706801834
378,213,5.043338733921291e-07,1.9218357599012127e-05,0.989957804407134,0.01004219559286601,6.380675970777524,7.599871984952963,13.980547955730486,NOMA,1.0242159674527829
183,358,2.1801685176698298e-06,2.373219426399924e-05,0.992783390834552,0.007216609165447974,7.026224737430767,7.428493930019827,14.454718667450594,NOMA,1.058953748531179
432,275,7.749359014820009e-06,5.787971715579403e-05,0.9956089772619701,0.004391022738029937,7.789626709524078,7.9952083571222055,15.784835066646284,NOMA,1.15639817338068
77,113,1.2407708386401918e-05,0.00013182726918626407,0.9970752521307524,0.002924747869247568,8.378370932890448,8.594554239784442,16.97292517267489,NOMA,1.243437741587904
90,194,4.831441305357684e-06,3.5032676192373354e-05,0.994315772664554,0.005684227335446046,7.407520125225622,7.644820277805786,15.052340403031408,NOMA,1.1027355606616416
420,26,6.582683939421215e-06,4.918809579585406e-05,0.9952219803703111,0.004778019629688934,7.664435291203609,7.882775619973561,15.54721091117717,NOMA,1.13898981034265
276,351,3.3012830027216628e-06,2.8579314211755927e-05,0.993607885842456,0.006392114157544038,7.223131421628454,7.521068322670325,14.744199744298779,NOMA,1.0801611534284818
367,286,3.6317974025148976e-06,2.9950885306916375e-05,0.9937809561138218,0.006219043886178222,7.26698752581324,7.548944177199491,14.815931703012732,NOMA,1.0854162419789548
379,179,1.1579936683513382e-05,0.00010048916703839232,0.9966882552390934,0.0033117447609065653,8.201180123357732,8.382816254091475,16.583996377449207,NOMA,1.2149447895567185
470,97,3.6625554282847123e-06,3.0130510611315025e-05,0.9938218124627486,0.006178187537251412,7.27660590629702,7.5480662326343255,14.824672138931344,NOMA,1.0860565669546771
126,31,6.353905665639503e-06,4.430371758759591e-05,0.9949828031377255,0.005017196862274531,7.59456944879359,7.802713274661259,15.397282723454849,NOMA,1.1280060603263624
385,104,8.200634199844873e-06,6.12503599228657e-05,0.9957411911844095,0.004258808815590487,7.834782114353493,8.032616479199001,15.867398593552494,NOMA,1.162446783410439
382,48,4.883895274519067e-06,3.5335987585091545e-05,0.9943410232768468,0.005658976723153186,7.414260653508204,7.6508042673850065,15.06506492089321,NOMA,1.1036677597723965
118,455,6.435196754518849e-06,4.5200765223355975e-05,0.995048910098945,0.0049510899010549725,7.61367780172895,7.812453635980695,15.426131437709646,NOMA,1.130119519246128
314,263,1.0900484352840468e-05,8.277670603123942e-05,0.9963673653086542,0.003632634691345782,8.068918778084056,8.236959093909809,16.305877871993864,NOMA,1.1945698074720779
324,207,9.173093477449556e-06,7.045887275975938e-05,0.996021224765922,0.003978775234077969,7.934620568915776,8.136170966752674,16.070791535668448,NOMA,1.1773473652504356
453,72,6.692264562449103e-06,5.1648513477093104e-05,0.9953541942927504,0.004645805707249595,7.704399241294004,7.912583755922751,15.616982997216756,NOMA,1.144101318477418
445,296,9.525545922537886e-06,7.287311333489387e-05,0.9960873317271417,0.0039126682728582995,7.959584155271946,8.160518479896732,16.120102635168678,NOMA,1.1809599000123574
340,39,8.104395721325758e-06,5.884847819233714e-05,0.9956750842231898,0.0043249157768101565,7.8127063807069925,7.997262549408236,15.809968930115229,NOMA,1.1582394820597237
143,95,2.5867654783404906e-06,2.5020094151883366e-05,0.9930634244160645,0.006936575583935456,7.093875826993339,7.447527740954929,14.541403567948269,NOMA,1.0653042906921808
347,203,3.155119778201693e-06,2.7134846807732478e-05,0.9934348155710897,0.006565184428910298,7.183386405714279,7.484986172271229,14.668372577985508,NOMA,1.074606049669268
311,454,2.464273118722976e-06,2.4472623172172914e-05,0.9929564611059183,0.007043538894081713,7.069257373520372,7.43774269553181,14.507000069052182,NOMA,1.0627838878426508
4,218,2.7672153673511243e-06,2.5604279534475937e-05,0.9931956383385039,0.006804361661496117,7.125190695676236,7.453030052556865,14.5782207482331,NOMA,1.068001520017077
449,495,3.2850183872041534e-06,2.8498286763288205e-05,0.9935826352301629,0.0064173647698371195,7.217380696189842,7.5226513711114675,14.74003206730131,NOMA,1.0798558291063232
371,112,3.3452736207804087e-06,2.881097822402737e-05,0.9936487421913824,0.006351257808617561,7.232820570849028,7.5234517928269184,14.756272363675947,NOMA,1.0810455944084942
246,108,1.700248024676002e-06,2.1410657644862802e-05,0.9922485742838199,0.007751425716180149,6.906658657618022,7.383385674538673,14.290044332156693,NOMA,1.046889694663494
215,465,6.934891958716812e-07,1.9334751548745757e-05,0.9906500854925984,0.009349914507401635,6.535986410760531,7.506035969825434,14.042022380585966,NOMA,1.0287195883213163
268,476,1.2989133896221105e-05,0.00016812492151344307,0.9973805363245578,0.0026194636754421907,8.534833477475486,8.785933422040435,17.32076689951592,NOMA,1.2689206519791882
38,122,8.391654438109427e-06,6.600850685865334e-05,0.9958890108434826,0.0041109891565174195,7.885245609808251,8.089372383761567,15.974617993569819,NOMA,1.1703016845106093
186,114,1.2866460851106535e-06,2.0716173304450495e-05,0.991836326779868,0.008163673220132006,6.806487051487496,7.410409536945677,14.216896588433173,NOMA,1.0415308855994998
248,83,1.1647165331477928e-05,0.00010992117192907066,0.9968204691615328,0.003179530838467226,8.258653437668832,8.453261397229731,16.711914834898565,NOMA,1.2243161051207738
366,136,1.3101394267967959e-06,2.082821062461149e-05,0.9918615773921611,0.008138422607838924,6.812804136504808,7.413702221490376,14.226506357995184,NOMA,1.0422348980216252
344,69,5.809259813071353e-06,3.7529845405591004e-05,0.9945549498971398,0.005445050102860227,7.476184242952041,7.6819544053711555,15.158138648323195,NOMA,1.110486347862505
331,426,6.1400321997999795e-06,4.2295333505025755e-05,0.994875839827579,0.005124160172421011,7.563562872797059,7.766383561268576,15.329946434065635,NOMA,1.1230729988326473
170,487,1.3584617711450779e-05,0.0002093566458031432,0.9976605699060704,0.002339430093929562,8.695036997325476,8.9389186483184,17.633955645643876,NOMA,1.2918648824647527
304,106,3.0995160500570876e-06,2.6949673245527567e-05,0.9934095649587968,0.006590435041203158,7.176923957326128,7.480669618705047,14.657593576031175,NOMA,1.073816379196423
283,458,7.5898353930414205e-06,5.680544579769717e-05,0.9955681209130434,0.004431879086956636,7.775791182402693,7.981595063895393,15.757386246298086,NOMA,1.1543872707910687
160,461,1.4122106489285295e-05,0.0002717480593397838,0.9978997471386561,0.0021002528613438542,8.84748429926387,9.159214506781968,18.00669880604584,NOMA,1.319172073702992
230,166,5.687043237977349e-07,1.9295940299574254e-05,0.9902630886009394,0.009736911399060633,6.445347361225418,7.561347989501749,14.006695350727167,NOMA,1.0261315275257998
79,244,3.2356322471526004e-06,2.8016364803555024e-05,0.9935417788812362,0.006458221118763818,7.207654069137992,7.507286268926605,14.714940338064597,NOMA,1.0780176071842196
309,459,6.138802407284487e-06,4.2093012954886016e-05,0.994875839827579,0.005124160172421011,7.563554016799964,7.759497690979423,15.323051707779387,NOMA,1.1225678906798087
64,365,1.4100544684031438e-05,0.00031302721947381305,0.9980475667977293,0.0019524332022706758,8.94913895053923,9.257776131209377,18.206915081748605,NOMA,1.3338399327288353
70,220,3.308147008756687e-06,2.858075673704669e-05,0.993607885842456,0.006392114157544038,7.22326595695741,7.521140743656174,14.744406700613585,NOMA,1.0801763150632664
178,320,9.717774564430632e-07,1.97755386495612e-05,0.9913171159657697,0.008682884034230343,6.687510653360709,7.432197022138796,14.119707675499505,NOMA,1.0344108187179124
341,326,4.3941393577712366e-06,3.131962084342344e-05,0.9939948827341147,0.0060051172658852625,7.326256890461919,7.562837667971785,14.889094558433705,NOMA,1.0907761581270112
61,409,3.7807592512314365e-06,3.0157459450735595e-05,0.9938218124627486,0.006178187537251412,7.278503836432194,7.549349119147134,14.827852955579328,NOMA,1.0862895938153354
36,474,3.083475896494724e-06,2.692417857351671e-05,0.9934095649587968,0.006590435041203158,7.176576170543578,7.47931181664731,14.655887987190887,NOMA,1.073691427633032
235,499,1.1184931634141994e-05,9.676561945894567e-05,0.9966221482778739,0.003377851722126124,8.172118187996828,8.356935711726328,16.529053899723156,NOMA,1.210919699613418
419,91,1.2742001505680728e-05,0.00014422855231177294,0.9972074660531918,0.002792533946808229,8.444336860391738,8.657365359828713,17.101702220220453,NOMA,1.2528719575253078
14,242,3.6673248607270825e-06,3.014484188504576e-05,0.9938218124627486,0.006178187537251412,7.276684804612138,7.548748608031609,14.825433412643747,NOMA,1.0861123379226187
434,144,1.2738747151019717e-05,0.00016234776261960792,0.997355285712265,0.0026447142877350505,8.520586674058357,8.749411738579386,17.269998412637744,NOMA,1.26520134891119
257,338,1.2829779810745415e-05,0.00016221777616088083,0.997355285712265,0.0026447142877350505,8.520880983551365,8.748258844122008,17.26913982767337,NOMA,1.2651384489138
232,415,1.2069750874784172e-05,0.00012580219195813033,0.9970343957818256,0.002965604218174378,8.357825100925561,8.547201139342928,16.90502624026849,NOMA,1.2384634608255303
180,424,8.303627295350773e-06,6.220048550980221e-05,0.9957820475333363,0.004217952466663677,7.848801005733078,8.040885261436934,15.889686267170012,NOMA,1.164079580012455
484,405,1.0525632377553277e-05,7.973509642316863e-05,0.9963012583474344,0.0036987416525655625,8.042297560437508,8.209061066479677,16.251358626917185,NOMA,1.1905757235836767
388,169,2.0758458066277806e-06,2.279285429643515e-05,0.992635571175479,0.007364428824521041,6.994492321548498,7.399652651144804,14.394144972693303,NOMA,1.0545161152156266
387,389,1.426644184882873e-05,0.0003211844145688301,0.998088423146656,0.001911576853343977,8.979167639440242,9.26436915590088,18.24353679534112,NOMA,1.3365228421495325
408,28,7.842814886432043e-07,1.9410321966533528e-05,0.9908892627251842,0.009110737274815817,6.591083614359584,7.474455057243022,14.065538671602607,NOMA,1.0304423935240004
361,279,3.541935620225787e-06,2.933059466924426e-05,0.9937148491526022,0.00628515084739778,7.250851127643155,7.534086603553478,14.784937731196631,NOMA,1.0831456213330866
457,301,9.578887657285815e-06,7.317958285746382e-05,0.9961281880760684,0.0038718119239316007,7.974541595875022,8.151460985429159,16.12600258130418,NOMA,1.1813921304984747
254,281,1.7066709595995936e-06,2.1461488214114142e-05,0.9922485742838199,0.007751425716180149,6.907038431683423,7.386786220198125,14.293824651881549,NOMA,1.0471666411634835
249,56,3.037923054301306e-06,2.6656505226319524e-05,0.99336870860987,0.0066312913901299675,7.1670756915151435,7.473844157278853,14.640919848793995,NOMA,1.0725948607175086
291,174,7.059014400693604e-06,5.3250586445116434e-05,0.995435906990604,0.004564093009395975,7.731562177074326,7.930977546039434,15.66253972311376,NOMA,1.1474388075541215
30,140,6.630569846592152e-06,5.124764682400775e-05,0.9953289436804575,0.004671056319542455,7.696408221417106,7.909176924746492,15.605585146163598,NOMA,1.1432663110742562
94,85,7.117889825053504e-06,5.370173229185217e-05,0.995435906990604,0.004564093009395975,7.73191977087732,7.943099094444334,15.675018865321654,NOMA,1.1483530304264948
293,102,7.695889988009532e-06,5.732862331116327e-05,0.9956089772619701,0.004391022738029937,7.789341872169032,7.981460472848216,15.770802345017248,NOMA,1.1553701351660988
149,46,4.683288291164319e-06,3.3236052559909236e-05,0.9941679530054808,0.005832046994519224,7.370213414506916,7.606103282624512,14.976316697131427,NOMA,1.0971660583979068
221,75,1.2653116310757338e-05,0.00014313765131394716,0.9972074660531918,0.002792533946808229,8.444060648071014,8.646439006898277,17.090499654969292,NOMA,1.2520512567743072
237,54,1.7838417570119437e-06,2.1833978035211134e-05,0.9923555375939663,0.00764446240603367,6.930080646573353,7.391535959725306,14.321616606298658,NOMA,1.0492026817801214
0,282,3.920532528008816e-06,3.029705665844115e-05,0.9938626688116754,0.006137331188324602,7.289794856283761,7.546455186843386,14.836250043127148,NOMA,1.08690476506426
360,280,3.976089936962214e-06,3.0540152876308254e-05,0.9938879194239683,0.006112080576031742,7.296307568053942,7.552007151566789,14.848314719620731,NOMA,1.087788624148039
80,6,1.7870825860554861e-06,2.2029644060693255e-05,0.992396393942893,0.007603606057106971,6.937460559631598,7.396645321762454,14.334105881394052,NOMA,1.0501176469885751
440,96,6.133769454121489e-06,4.141763126365186e-05,0.9948349834786523,0.0051650165213477095,7.5524122809875,7.747674391093471,15.300086672080973,NOMA,1.1208854704821227
477,35,2.960522176197993e-06,2.6489026357158782e-05,0.9933278522609432,0.006672147739056777,7.156872301056576,7.473614009306195,14.630486310362771,NOMA,1.0718304989276757
466,362,2.6769628927367463e-06,2.545600824711741e-05,0.9931295313772843,0.006870468622715675,7.109531332703901,7.458568251004924,14.568099583708825,NOMA,1.0672600427625512
374,288,3.3299044998116977e-06,2.8675641625579147e-05,0.9936078858424557,0.00639211415754426,7.223688823676125,7.525896407539794,14.749585231215919,NOMA,1.0805556945945727
346,132,8.09504213179755e-06,5.8872180912417515e-05,0.9956750842231898,0.0043249157768101565,7.81266034704308,7.99784124125797,15.810501588301051,NOMA,1.1582785046374395
450,193,6.297905008969044e-06,4.309785586236618e-05,0.9949419467887987,0.005058053211201341,7.582838213945717,7.774729404933262,15.357567618878978,NOMA,1.1250965288556027
204,177,8.038682049512317e-06,5.8475984792674564e-05,0.9956342278742631,0.004365772125736855,7.799193473979356,8.001649277065827,15.800842751045183,NOMA,1.1575708975124677
158,393,9.194253964015588e-06,7.111565805123098e-05,0.9960620811148488,0.003937918885151159,7.949201539765188,8.134671161603324,16.083872701368513,NOMA,1.1783056924079496
164,60,5.531199891581545e-06,3.730604096638311e-05,0.9945549498971398,0.005445050102860227,7.473975874285389,7.673367469171648,15.147343343457038,NOMA,1.1096954830371455
127,173,1.2478978930772578e-05,0.00013308469643612335,0.9971005027430453,0.0028994972569547084,8.390765719760019,8.59573753741595,16.98650325717597,NOMA,1.2444324730531846
148,105,8.871659341378052e-06,6.679392063453511e-05,0.9959142614557757,0.004085738544224338,7.896087672040074,8.097518603067943,15.993606275108018,NOMA,1.1716927674071806
462,442,1.4455494807523005e-05,0.0003489025152546395,0.9981545301078758,0.0018454698921241963,9.028805097640348,9.332907246245524,18.36171234388587,NOMA,1.3451803914934704
315,431,1.1592164837733381e-05,0.00010392139142859292,0.9967135058513865,0.0032864941486134835,8.211979365453237,8.420116211498451,16.632095576951688,NOMA,1.2184685404360212
45,135,8.627034826596008e-06,6.641835822025646e-05,0.9959142614557757,0.004085738544224338,7.894994407038661,8.089413648420736,15.984408055459397,NOMA,1.1710189051618607
195,41,2.127497322674221e-06,2.3603972582264756e-05,0.9927425344856253,0.0072574655143746725,7.0164602410076675,7.428820899008267,14.445281140015934,NOMA,1.058262354579922
446,50,2.5445162526797863e-06,2.4745059483662344e-05,0.9930225680671378,0.006977431932862155,7.08460159329786,7.440096491755603,14.524698085053462,NOMA,1.0640804457914623
329,185,3.107961903657738e-06,2.716954363093806e-05,0.9934348155710897,0.006565184428910298,7.182385568628943,7.486819456751476,14.66920502538042,NOMA,1.0746670348264045
223,295,2.5245608270062577e-06,2.4693891202931313e-05,0.9930225680671378,0.006977431932862155,7.083998134392065,7.437127386622535,14.5211255210146,NOMA,1.0638187194882491
181,51,4.661839363292963e-06,3.312088101020024e-05,0.9941679530054808,0.005832046994519224,7.369980409068048,7.601121036095929,14.971101445163978,NOMA,1.0967839886567017
78,404,1.2862295489208971e-05,0.00017071104947486587,0.9974213926734845,0.002578607326515492,8.556449053215749,8.785278395537896,17.341727448753645,NOMA,1.2704562233519154
343,285,1.1052678352497587e-05,8.694267635823062e-05,0.9964334722698738,0.0035665277301262233,8.095252785439698,8.281157908599127,16.376410694038825,NOMA,1.1997370471823317
359,212,9.3384196299166e-06,7.150215160040783e-05,0.9960620811148488,0.003937918885151159,7.949797856541348,8.142462826031604,16.092260682572952,NOMA,1.1789201965254912
480,299,4.710107303549255e-06,3.408210739172601e-05,0.9942496657033342,0.005750334296665827,7.390138422956645,7.62193106036835,15.012069483324996,NOMA,1.0997853101336994
165,187,7.559993558961888e-06,5.549998865845734e-05,0.9955272645641167,0.004472735435883335,7.762770602376506,7.961373091849454,15.72414369422596,NOMA,1.1519519189909129
121,27,1.367554737040174e-05,0.00023314253891338396,0.9977675332162168,0.0022324667837831935,8.760753792377674,9.026476340485512,17.787230132863186,NOMA,1.3030937826273397
152,262,5.8714423945093705e-06,3.791733642362365e-05,0.9945958062460665,0.005404193753933528,7.487185069455195,7.68588853128459,15.173073600739784,NOMA,1.11158048357068
47,1,1.2906148804926797e-05,0.00017078093910001882,0.9974213926734845,0.002578607326515492,8.556592154143768,8.78586758023847,17.34245973438224,NOMA,1.2705098706507134
16,125,1.2335501599695959e-05,0.00013238627663978702,0.9970752521307524,0.002924747869247568,8.378145161514349,8.600643228074638,16.978788389588985,NOMA,1.2438672812885703
98,62,8.373883677732134e-07,1.9537527820634848e-05,0.9910370823842574,0.008962917615742638,6.623088518522136,7.46035966377749,14.083448182299627,NOMA,1.0317544455897163
403,399,4.576839501505524e-06,3.1932370659670666e-05,0.9940609896953343,0.005939010304665704,7.343754348139544,7.574757585264031,14.918511933403575,NOMA,1.092931277172423
321,435,1.201818645737609e-05,0.0001225584284010783,0.996968288820606,0.0030317111793940477,8.326709947992425,8.541335782791275,16.8680457307837,NOMA,1.2357542659914798
312,228,1.1653339848929782e-05,0.00010822292179198323,0.9967952185492399,0.003204781450760086,8.247560150798341,8.442241928031965,16.689802078830304,NOMA,1.222696122991231
24,369,2.472711297664832e-06,2.4075939160531657e-05,0.9929156047569915,0.007084395243008523,7.061631199212802,7.422598581158599,14.4842297803714,NOMA,1.0611157348257436
150,411,3.185248423137235e-06,2.7280576555844652e-05,0.9934348155710897,0.006565184428910298,7.184010670935553,7.4926705234745565,14.67668119441011,NOMA,1.075214739517224
372,167,8.994616714925966e-06,6.772441370005154e-05,0.9959551178047024,0.004044882195297639,7.910728256086049,8.102958706106158,16.013686962192207,NOMA,1.1731638800140811
200,12,2.1197030017179265e-06,2.33695896985923e-05,0.9927016781366986,0.007298321863301371,7.00853415689316,7.422559214021899,14.43109337091506,NOMA,1.0572229575761949
485,147,1.3081700604402711e-05,0.00018914575113220284,0.997528355983631,0.0024716440163690123,8.61648021001478,8.871908206212984,17.488388416227764,NOMA,1.2812006165734624
438,267,1.134714162043386e-05,0.00010096086320947594,0.9966882552390934,0.0033117447609065653,8.200430699311486,8.389552227247485,16.58998292655897,NOMA,1.2153833645830747
9,271,3.2132610282213194e-06,2.753025742376576e-05,0.9934756719200165,0.006524328079983488,7.193178220002082,7.496785337579144,14.689963557581226,NOMA,1.076187806416207
464,49,5.7598274551274146e-06,3.7525123734904746e-05,0.9945549498971398,0.005445050102860227,7.47580698955832,7.68177377091342,15.15758076047174,NOMA,1.1104454769576366
245,410,2.146499341854846e-06,2.3935054347999646e-05,0.992783390834552,0.007216609165447974,7.024883388520577,7.44070253259159,14.465585921112167,NOMA,1.0597498843305617
7,-1,1.5407826375900198e-05,0.0,1.0,0.0,13.911469361704016,0.0,13.911469361704016,OMA,1.0191552645937008
18,-1,1.4942817030178464e-05,0.0,1.0,0.0,13.867261075679272,0.0,13.867261075679272,OMA,1.0159165623208257
63,-1,1.7373420400796363e-05,0.0,1.0,0.0,14.084677230833426,0.0,14.084677230833426,OMA,1.0318444857753426
71,-1,1.8056953396702258e-05,0.0,1.0,0.0,14.14034677337928,0.0,14.14034677337928,OMA,1.0359228405406065
107,-1,1.5026653936289982e-05,0.0,1.0,0.0,13.875332177980946,0.0,13.875332177980946,OMA,1.0165078518667359
116,-1,1.582639956271489e-05,0.0,1.0,0.0,13.950136620106349,0.0,13.950136620106349,OMA,1.021988030777022
119,-1,1.9112577856737395e-05,0.0,1.0,0.0,14.222310240179272,0.0,14.222310240179272,OMA,1.0419274901230235
133,-1,1.685827020691706e-05,0.0,1.0,0.0,14.041254466739927,0.0,14.041254466739927,OMA,1.028663330896698
151,-1,1.482438212453628e-05,0.0,1.0,0.0,13.855781670295007,0.0,13.855781670295007,OMA,1.0150755802413924
163,-1,1.572275099684289e-05,0.0,1.0,0.0,13.940657801917839,0.0,13.940657801917839,OMA,1.0212936118621128
172,-1,1.816664495146083e-05,0.0,1.0,0.0,14.14908379653186,0.0,14.14908379653186,OMA,1.0365629154968397
176,-1,1.645072624173225e-05,0.0,1.0,0.0,14.005951350119318,0.0,14.005951350119318,OMA,1.0260770219867632
192,-1,1.750063030478875e-05,0.0,1.0,0.0,14.095201697211778,0.0,14.095201697211778,OMA,1.0326155089532438
206,-1,1.8012897288486608e-05,0.0,1.0,0.0,14.136822720177696,0.0,14.136822720177696,OMA,1.0356646681448862
209,-1,1.899163751806922e-05,0.0,1.0,0.0,14.213152646807051,0.0,14.213152646807051,OMA,1.0412566041616886
227,-1,1.8356199701715324e-05,0.0,1.0,0.0,14.164058379228639,0.0,14.164058379228639,OMA,1.0376599545222445
240,-1,1.6210705782080134e-05,0.0,1.0,0.0,13.98474827755328,0.0,13.98474827755328,OMA,1.0245236833372366
253,-1,1.6857274388404154e-05,0.0,1.0,0.0,14.04116924923979,0.0,14.04116924923979,OMA,1.0286570878563948
255,-1,1.5021647903692132e-05,0.0,1.0,0.0,13.874851505373481,0.0,13.874851505373481,OMA,1.016472637756299
259,-1,1.7246363378387334e-05,0.0,1.0,0.0,14.074088212068723,0.0,14.074088212068723,OMA,1.031068733484888
260,-1,1.7264765751457523e-05,0.0,1.0,0.0,14.07562669991693,0.0,14.07562669991693,OMA,1.0311814432173576
274,-1,1.5091945078136775e-05,0.0,1.0,0.0,13.88158672517933,0.0,13.88158672517933,OMA,1.0169660604526982
278,-1,1.5022953608658541e-05,0.0,1.0,0.0,13.874976892870654,0.0,13.874976892870654,OMA,1.0164818236535278
289,-1,1.529997462366238e-05,0.0,1.0,0.0,13.901335930502796,0.0,13.901335930502796,OMA,1.0184128886815236
297,-1,1.780478297034892e-05,0.0,1.0,0.0,14.120058256003226,0.0,14.120058256003226,OMA,1.0344365022712985
298,-1,1.9094886191399953e-05,0.0,1.0,0.0,14.220974252862664,0.0,14.220974252862664,OMA,1.0418296155943343
300,-1,1.650343219584302e-05,0.0,1.0,0.0,14.010565885735934,0.0,14.010565885735934,OMA,1.0264150832040977
319,-1,1.9028645364813356e-05,0.0,1.0,0.0,14.215961055444494,0.0,14.215961055444494,OMA,1.041462348384212
323,-1,1.587238451320175e-05,0.0,1.0,0.0,13.954322151063376,0.0,13.954322151063376,OMA,1.022294663081566
336,-1,1.770869219456233e-05,0.0,1.0,0.0,14.112251516922305,0.0,14.112251516922305,OMA,1.033864579994308
349,-1,1.613657877776562e-05,0.0,1.0,0.0,13.978136517809375,0.0,13.978136517809375,OMA,1.0240393053340202
353,-1,1.4613093992612127e-05,0.0,1.0,0.0,13.835072770932104,0.0,13.835072770932104,OMA,1.0135584447569308
354,-1,1.885408191148077e-05,0.0,1.0,0.0,14.20266579749285,0.0,14.20266579749285,OMA,1.040488336812663
363,-1,1.8912508585944725e-05,0.0,1.0,0.0,14.207129397517862,0.0,14.207129397517862,OMA,1.0408153404774991
373,-1,1.5291810069780748e-05,0.0,1.0,0.0,13.90056590732366,0.0,13.90056590732366,OMA,1.018356476727008
391,-1,1.8708722623637826e-05,0.0,1.0,0.0,14.19150054996842,0.0,14.19150054996842,OMA,1.0396703699610563
396,-1,1.755440290654733e-05,0.0,1.0,0.0,14.099627486825222,0.0,14.099627486825222,OMA,1.0329397426245583
444,-1,1.619529546085203e-05,0.0,1.0,0.0,13.98337624627475,0.0,13.98337624627475,OMA,1.0244231682252565
447,-1,1.9195261402783454e-05,0.0,1.0,0.0,14.228537743576354,0.0,14.228537743576354,OMA,1.0423837174781212
456,-1,1.844677980574553e-05,0.0,1.0,0.0,14.171159577624948,0.0,14.171159577624948,OMA,1.0381801888369926
478,-1,1.5089118609305185e-05,0.0,1.0,0.0,13.881316525134649,0.0,13.881316525134649,OMA,1.01694626557763
479,-1,1.8506645046793762e-05,0.0,1.0,0.0,14.175833714765805,0.0,14.175833714765805,OMA,1.0385226164663595
482,-1,1.4547226172579044e-05,0.0,1.0,0.0,13.828555639347682,0.0,13.828555639347682,OMA,1.0130809992196104
488,-1,1.906278319331773e-05,0.0,1.0,0.0,14.218546828946044,0.0,14.218546828946044,OMA,1.0416517823403695
493,-1,1.5115954459545516e-05,0.0,1.0,0.0,13.883879895518598,0.0,13.883879895518598,OMA,1.0171340582797508
496,-1,1.862000903262425e-05,0.0,1.0,0.0,14.184643631120755,0.0,14.184643631120755,OMA,1.039168031583938
