User_ID,x_coord_m,y_coord_m,distance_m,angle_rad,path_loss_dB,path_loss_linear,shadowing_dB,rayleigh_fading,h_linear,h_dB
0,13.77410801746295,1586.9736086578184,1587.0333835896759,1.562117063274384,83.3369386976465,4.637737144240307e-09,-3.612909466050808,0.9624160483094932,9.934851837487811e-05,-80.05677201891659
1,154.3333361848377,3572.2160164089064,3575.548356063201,1.5276193693362188,87.86617507111211,1.6344908469065435e-09,12.813351328341735,0.18014691543435213,1.66590606894249e-06,-115.5669845792468
2,520.6626275094436,4217.774746193185,4249.789804367979,1.4479728355779065,93.9944997921265,3.9861168061464567e-10,1.8434888136466534,0.4822420352654951,7.786918571363733e-06,-102.17268621942829
3,-1005.4012494175595,3403.5835349051627,3548.9734503667273,1.8580229309933585,89.30191474747947,1.174379672170608e-09,-10.398192706881927,0.2614781228741404,2.9665334964784247e-05,-90.55501457685202
4,-51.23331403280556,-3320.1159644711456,3320.5112362410323,4.696959022943617,95.06805606523325,3.1131094765100623e-10,-1.497905574905868,0.4401141695865025,9.226942761045487e-06,-100.69884252880138
5,-2194.3357809407544,1730.9489558893151,2794.8691932559527,2.473702405647507,85.88145505143439,2.5813951803251165e-09,-5.351053190287662,1.4269518989235104,0.00013424225557647846,-77.4422151215954
6,1662.7456463126118,2399.262719516736,2919.10682942478,0.9647678832390528,91.10773862569029,7.748651655931755e-10,0.9540079971655391,0.7348533181311505,1.8327926239478263e-05,-94.7377329586471
7,-2095.8091653686615,129.43595627656657,2099.802306032764,3.0799115768889447,94.34452381438592,3.6774571293682325e-10,9.996295105529738,1.0221525196496566,6.201185994974126e-06,-104.15050344865863
8,-2155.813546878187,-370.6997203062301,2187.452932416747,3.3118808414723917,83.10709698951831,4.8897910471952976e-09,-8.30904346566899,0.16740072015621987,3.046875059076806e-05,-90.32290679893863
9,-815.7000039243065,4325.483244369172,4401.723729826825,1.757187476538056,98.7735645301189,1.326305427931745e-10,-7.1481039986336885,1.1194597391403456,2.9358607472111343e-05,-90.64529065577685
10,3102.0276602151407,-3629.1087756304355,4774.202143824417,5.419641681674755,93.77450891459642,4.1932340966642235e-10,-3.340204126559812,1.5907034459360325,4.78491230264495e-05,-86.40252016880295
11,3209.190303215623,1041.9919566173073,3374.1146453415517,0.3139514770388925,88.90487802368574,1.286803393790729e-09,5.442428752589848,2.0082471154312924,3.849920956548062e-05,-88.29096351402254
12,-2471.0390106910827,784.7460399231173,2592.655036739786,2.83408885928458,91.95867987925307,6.369891164501125e-10,6.597195004004304,0.9103534932772432,1.0750194426071795e-05,-99.37167281414304
13,-955.4265533602767,-722.4393188171798,1197.8140374193852,3.7890138492387937,80.50690892073185,8.898342296377379e-09,-5.03392383659844,0.7053261370444064,0.00011877928958488535,-78.50518545792514
14,-154.31738221022874,-1842.2600499523253,1848.711969481066,4.628818821308673,83.33736741017077,4.637279353973786e-09,5.255359253198282,1.0013873511964166,3.723623549183821e-05,-88.58068440205416
15,-1649.6266643578674,2121.9335807268717,2687.725851491708,2.231614495376252,85.30810894947521,2.9457040038801627e-09,6.585060664262678,0.9530200173284187,2.4235028903453298e-05,-92.31112880135241
16,-668.4036489582422,2191.1598860220124,2290.839384167448,1.8668756459722238,93.35245063503615,4.6212018283506573e-10,-0.5492977808760511,1.0006667816390262,2.2915632054835634e-05,-92.79736281339872
17,-3854.1823385015914,1487.3471908815907,4131.213279974898,2.773296113485543,100.63291099896406,8.64388340367474e-11,-2.2372348255819348,0.7908159346237631,9.512432825792998e-06,-100.4341670284861
18,4315.738735705837,-1169.1027552438634,4471.2864018300825,6.018641478365047,97.80649055314063,1.6571084988144077e-10,9.943911103421577,0.6284042225158465,2.574654818047667e-06,-111.78561639119971
19,3824.4915082334896,2895.987711023706,4797.23671700182,0.6481069565559415,90.08922472656789,9.796648530106237e-10,-5.460307427172804,0.9301532177523791,5.458943857457921e-05,-85.25782728439445
20,-2633.61358385401,-4084.6320885888435,4860.0555355047145,4.139705167880768,91.53493673417117,7.022735740283337e-10,13.51602104867753,0.25935248336552696,1.4499149293552953e-06,-116.77314357565344
21,1.466961105142903,650.6841980112687,650.685851633837,1.5685418404799576,82.55701521151182,5.550070232237206e-09,-4.048319667353425,0.6679728462952749,7.930928437477686e-05,-82.01351926727841
22,2688.175402292439,-990.6996784280414,2864.921089022792,5.9300903503133435,92.23949069843864,5.971053056253776e-10,8.46781989383698,1.2042291914409933,1.1100527600996331e-05,-99.09312679718616
23,926.5603786814901,-15.929018944495622,926.69729091377,6.2659954398847875,88.39479104973691,1.4471744787122131e-09,2.108885578563989,1.093689512931344,3.263699886687386e-05,-89.72579540592835
24,-2428.8601172485014,-1486.722422631245,2847.754383916373,3.690866874165455,93.3768992347182,4.595259869972528e-10,-2.687871968539899,0.36280776852053587,1.0598031704412767e-05,-99.49549489265179
25,-182.22563763642827,424.32501346787905,461.7985492252207,1.976428647090669,76.82407250076015,2.0777474114720012e-08,8.402061797965883,0.6271938109888868,3.4363314686356464e-05,-89.2780987624651
26,2167.780412993549,-3950.994233295898,4506.620391212901,5.2142082493582365,95.25686172606282,2.980669525765376e-10,-1.8821964017260553,0.8665244091965935,1.858007807841387e-05,-94.61904883887586
27,4409.9763335419575,729.0327643981412,4469.829978194491,0.16383270881526882,89.65081561252747,1.083723369790834e-09,-2.573843324177978,0.10882168832315933,4.818000548483716e-06,-106.34266129514776
28,3306.7310928507914,-1604.888093687347,3675.6137329275493,5.831334519263596,99.47279570735112,1.1290688590805389e-10,6.053441325192925,0.7269133899951706,3.847430798377429e-06,-108.29658139926491
29,-4314.023360545442,2321.7682221216205,4899.122904417237,2.6478610960048825,95.59460150299265,2.7576544757409455e-10,4.382231528552203,0.27092834982532554,2.7165193332546883e-06,-111.31974079815822
30,-3645.472345918718,1720.048411726926,4030.8851588134385,2.7007327628497038,98.03287757889032,1.5729403092715e-10,-2.893536673023341,1.025734830880428,1.7950148996102534e-05,-94.91863835986649
31,4096.959161861302,-1148.6774764209872,4254.94234024342,6.009830586147127,93.23616419686529,4.746610332896518e-10,7.357215161551153,1.288120657395913,1.2030608025345557e-05,-98.39424773640842
32,-1490.1973493054065,-3673.535090418276,3964.2840716088035,4.327014915270122,91.56096781253913,6.980768223660777e-10,-18.76931467859524,1.0118706342982011,0.00023202903597659708,-72.68915324962978
33,44.621829961691205,3952.44653537715,3952.6984102918814,1.5595071331465542,94.63394849352304,3.440369989556175e-10,-3.2929089877325413,1.318692457437947,3.5734815721570566e-05,-88.93816881974638
34,-3533.4844921377303,3377.309117951877,4887.916686521848,2.378789405433126,92.17640844930295,6.058416896982601e-10,4.767228756247244,0.4899328837986757,6.965539022202677e-06,-103.14090416176731
35,-2623.928072680383,-2742.8982416349327,3795.851590165795,3.9491548819582976,98.78353695003808,1.3232634135172335e-10,-3.196704343057239,0.5991005641284157,9.957678452513763e-06,-100.03683716403329
36,866.6659197634186,1711.4471081721372,1918.374577748085,1.1020469029729218,89.78074708929222,1.0517809270484263e-09,-6.451120605663257,0.9985802607697771,6.806152140154582e-05,-83.34196681647154
37,1381.7355602139705,4513.13497959839,4719.913188018862,1.2736989653729673,101.2823351442194,7.443316489683735e-11,-2.838544802257385,0.8113316952219772,9.705299124750268e-06,-100.25982060065391
38,-3790.3511369713146,-388.58464545791924,3810.217811126471,3.2437551658998967,100.32401804047981,9.28107315678511e-11,22.594980404524097,0.931867802657982,6.658928999255848e-07,-123.5318992708769
39,-2497.54988787052,-1690.1788313260317,3015.702227386629,3.7365331268188298,94.66837606009919,3.4132051637191093e-10,0.9799512432096508,0.8369826520610765,1.3813384204095398e-05,-97.1939975431293
40,-343.90163635974784,2747.149561893733,2768.5915283594727,1.6953333701331386,89.38555426273909,1.1519790306036934e-09,2.4992116637029542,0.7065796929401589,1.7985514062823306e-05,-94.90154240991023
41,-47.910867449713265,2873.017361656939,2873.416818284807,1.587470930850169,87.87449980258843,1.631360789914521e-09,-10.12584821040159,0.5728773836474156,7.423848450592817e-05,-82.58741792951429
42,-131.18404340565615,3704.092457570745,3706.414734953003,1.6061975049464472,94.40336688100076,3.627966864987154e-10,5.420175818369235,0.8710211084270436,8.888972137598384e-06,-101.02296812465107
43,-3788.244172796189,-1044.5506384789448,3929.6157508172546,3.410641846591988,94.04010193942938,3.9444804331606215e-10,-5.413345339639042,0.41013513341475927,1.5191097245360824e-05,-96.36821655084367
44,4541.450438298799,1754.73886237524,4868.663118213695,0.3687126778374804,98.64800505481473,1.365210106078225e-10,2.705989800238938,0.31522488260382353,2.697247187416239e-06,-111.38158180163396
45,2416.741345530322,-2610.797821501214,3557.654282803656,5.459207595561787,91.11894006441987,7.728691879050153e-10,-3.415768946746587,0.12938850951681208,5.3301220560813494e-06,-105.46525528678495
46,3011.077975224016,3634.2667648692304,4719.585309231334,0.8789029467545217,92.77707033705526,5.275856400361526e-10,0.9796425143895026,0.2776283275954957,5.696762768014011e-06,-104.88743578771425
47,-1889.9921841531893,-1851.6393580115844,2645.8720241723136,3.9167408812121898,86.32648504400633,2.3299762576040144e-09,-5.571083492016045,1.3219108398572224,0.00012118031756577705,-78.33135820279453
48,4688.351793717195,-638.4268161085166,4731.620371625105,6.147844777755215,91.53944396064014,7.015451134512846e-10,-4.429860988379886,0.7016096819666434,3.094684821899053e-05,-90.18767122138277
49,-4997.57526302128,39.0458882678468,4997.72779280273,3.133779846026825,97.95656004530682,1.6008255065869996e-10,12.820614022293398,0.7389353476022344,2.1367206072960792e-06,-113.40504116449652
50,-1131.2409028728143,-3686.1209057192664,3855.799957455408,4.4146213333529785,98.39550668418852,1.4469360316135775e-10,6.572098090012169,0.318361281142293,1.7969665999847457e-06,-114.90919506633128
51,4095.101886809032,-2718.4206449609255,4915.2487491780785,5.697154349254623,99.71378398831762,1.068123822179092e-10,-9.797498735860493,2.5450570938997052,8.126120663239931e-05,-81.80233455720172
52,-2223.0862944039836,-2122.6914341386864,3073.7487855926984,3.9038932237858854,86.96393419446687,2.0119008798119077e-09,-12.100820129988165,1.1408344267105601,0.00020609474348301483,-73.71866165603414
53,-1793.2322845878252,-1483.9070750613823,2327.587212953641,3.832880851762864,90.40848602021792,9.102305298165228e-10,10.527571439378042,0.6930216847483766,6.222199777487255e-06,-104.12111958441784
54,-1563.4871349095204,4146.202498159883,4431.194779827991,1.931397143882174,97.43153468939462,1.80653562814734e-10,-0.521173207193611,1.7601429949029435,2.512059243553097e-05,-91.99940210543866
55,3077.4167293031533,-2418.6960645491795,3914.151808305422,5.617070267597768,88.2867903164313,1.4836141554252823e-09,-3.370300501138311,0.3615590487438601,2.0528383120813222e-05,-93.75290469016548
56,667.7379624543919,2471.8229901623076,2560.4263084880367,1.3069541226207488,88.84380606169668,1.3050266900286276e-09,-9.2294179254961,0.5683554410926126,5.94156175213314e-05,-84.52198754952542
57,1370.9054134741468,-2288.202955756912,2667.443423847522,5.252160289010736,95.46452717255568,2.8414975292038666e-10,-4.07107297255806,0.7087757719986695,1.909132864010206e-05,-94.38327647115237
58,-2693.7910070847674,745.5652737369329,2795.0630703533675,2.871580000311974,94.80716925887282,3.305849468344625e-10,13.663975541432174,1.2150922021801118,4.581967387983944e-06,-106.77895822860461
59,3777.2343705969156,-919.0277546712521,3887.4299356097413,6.04451574247437,100.25861371106697,9.42190300215435e-11,-2.4569650611532334,1.147806497544579,1.4783805710431672e-05,-96.60427448462994
60,2936.3134842849922,647.1226326918202,3006.7764432587705,0.2169185361424384,95.67208174415316,2.7088928418218054e-10,3.210743259080245,0.44592930753559373,5.0713637967699875e-06,-105.8975029674059
61,2289.0287979733625,-842.9102420762637,2439.293035727451,5.9303550059919505,92.67996114986211,5.395154487693634e-10,-8.511341792970967,0.2024054189114908,1.2525387415399499e-05,-98.04417595344722
62,1887.0356064574514,-2431.0201303663202,3077.460357873765,5.372468286116669,89.72314218304014,1.0658247026957967e-09,5.859835554383914,0.7772332768208066,1.2924165167037347e-05,-97.7719493371927
63,-2725.818926308292,-1762.5573595207316,3246.027921109303,3.715585084592058,94.79337149814715,3.3163690251427756e-10,16.823472199126357,0.27080830579688964,7.109184663719784e-07,-122.96359187545251
64,-856.2646112988705,-379.8416235218118,936.7330161377315,3.5591141856902015,80.59567778280422,8.718308281659668e-09,-2.191416813652498,1.024592102855993,0.000123122650389573,-78.19324081488591
65,4128.564480493011,434.65165197860733,4151.381303633317,0.1048927298609382,97.33145646512075,1.848648545785368e-10,0.22152479440238348,1.0472176840029628,1.3879950088036345e-05,-97.15224128602867
66,2070.4573668999437,1775.967167511932,2727.792713574586,0.7089851718515137,96.16727669750568,2.4169759569349467e-10,1.0825782831807693,1.101560027770445,1.5118733762963191e-05,-96.40969103973204
67,-292.96374148168917,4110.516790595039,4120.943586071847,1.6419477684342805,91.63111710295952,6.868917333058374e-10,-1.3994164457760523,0.9094097595774223,2.800106680884223e-05,-91.05650813412313
68,3247.3009308137416,-3102.333847918762,4491.03981714772,5.520613953207514,90.73255218253755,8.447822530462033e-10,0.924945335250312,0.7111481783823509,1.8581690667767712e-05,-94.61829501187103
69,-1812.9421181785478,-1599.6667880024793,2417.78678888439,3.8645757217280843,84.66423287791899,3.416462925232992e-09,10.489906377271122,0.9062445344140667,1.5832096837629434e-05,-96.00923069966724
70,-1073.0124964083716,3073.972887596446,3255.866264318385,1.9066368250226486,88.8065069697574,1.3162830929638748e-09,7.087781424226408,0.7011190805526191,1.1248053326434341e-05,-98.97845189482484
71,1387.2106489803484,-4401.952823694317,4615.3593626796655,5.017672871511144,100.04223499616566,9.903221673188901e-11,8.315555374541571,0.4909848629610958,1.875765675688962e-06,-114.53642367908327
72,4487.370332262443,1882.85154314383,4866.376725284249,0.3972786285730479,98.17075350719972,1.5237883513806976e-10,0.3780556948138648,0.8219728394583073,9.714422932518516e-06,-100.25165896118354
73,4426.823753908807,-1112.1976974300358,4564.400537457239,6.037039395489236,99.27198813081986,1.1825001021274922e-10,3.6612121569076206,0.4410110273112819,3.1462225146543094e-06,-110.0442085475869
74,-441.85719261968393,2744.5448792869042,2779.8856762625537,1.7304213141590437,90.21628957672146,9.514172961059962e-10,-2.5396821635202054,1.3154870668957077,5.435709166084601e-05,-85.29487559917268
75,-3419.9057721966205,2447.309663938578,4205.363252075963,2.520468585678643,94.38402483158596,3.64416067167e-10,1.3935083043469632,1.085542165898811,1.7651029496603023e-05,-95.06459869399453
76,1857.3356162357181,-85.52340564468271,1859.3035912004204,6.237171523934147,91.34597282233591,7.335043905758188e-10,-5.489249984168108,2.262196312732028,0.00011526412247410977,-78.76611695936194
77,-4237.104008766239,866.5794660433811,4324.813331471193,2.939853166356652,100.81000282522864,8.29850227669344e-11,-6.111102066843152,0.7251406190125363,1.3349874870808137e-05,-97.49045544834571
78,2373.575516006183,1709.319510552491,2925.0015246730086,0.6241188109351355,91.38092758626621,7.276243785547833e-10,-12.726240558617384,0.7467159147191207,8.718084139498541e-05,-81.19157877754674
79,1063.960452908587,3175.364089180995,3348.872787105192,1.2474860770324996,87.48404927990629,1.7848226637901543e-09,-2.297027040563084,1.7400415910666869,9.576537576527433e-05,-80.37582956741814
80,2835.463872720233,-2015.9335038301167,3479.0578128807224,5.665133927267882,94.88012463099935,3.2507796837595074e-10,-2.9447975965485855,0.6010893329181748,1.5211521976729112e-05,-96.3565460446761
81,-3914.5964069531155,-2181.866418534843,4481.585221510387,3.650074225245869,95.04411476323668,3.130318469674728e-10,-8.658221434138554,1.4267695475517126,6.840048244082081e-05,-83.29881657526468
82,1452.96240949191,-47.51639852196379,1453.7391690138347,6.250493842090504,76.99317441802427,1.9984006311744988e-08,-5.821505562130839,0.5847619636104076,0.00016158300218276016,-75.83208648659472
83,-4338.41050178184,1915.606338869659,4742.5049633594035,2.7257915586872863,93.46983367906665,4.49797080356851e-10,11.290750897890522,0.568737645003771,3.2876285747489014e-06,-109.66234242790242
84,-257.83262043411037,-3768.194408486136,3777.004998713412,4.6440720760762435,95.23248894878017,2.9974441864784687e-10,-3.4911791001652412,1.134351077685576,2.9354993973324215e-05,-90.64635979307621
85,2395.6122969230037,-2309.3359983916334,3327.4601471146416,5.516122442001604,94.41244315865913,3.620392730033976e-10,-5.510260050577035,0.21111510283209606,7.575479856705086e-06,-102.41179589866346
86,-3283.4060491947057,-329.1810449541551,3299.8659736791574,3.2415147312522423,98.58086231469328,1.3864805084921206e-10,7.558146189611389,1.0652220315478114,5.253995723775799e-06,-105.59020404724006
87,737.0754156198552,-3408.0367064018806,3486.8315646864507,4.925384125946483,87.59403103024192,1.7401909148699217e-09,13.385175557621448,2.0061040119149633,1.792227418226324e-05,-94.93213717430221
88,2785.0322988686157,-316.8792355924141,2803.0014904903346,6.169893139234934,86.94161911512286,2.0222651072865418e-09,10.142462413909914,1.234681636134733,1.7272329419990082e-05,-95.25298125066293
89,-921.8182129361741,-3184.057016642273,3314.8103871759745,4.430583064711818,90.62357294964772,8.662489177535817e-10,3.879046223575543,1.1359965069611915,2.139173634913846e-05,-93.39507884760302
90,-2250.3055373746624,2535.9247365406613,3390.396625903508,2.2965899866007424,94.02446376210759,3.9587094132462785e-10,3.626566434184714,0.8119957399384281,1.0641485091837012e-05,-99.45995436484779
91,1923.9892771214834,4356.320545430569,4762.275027024262,1.1549040198532137,94.03456401873284,3.949513458912883e-10,6.342982160116321,1.2378846611093435,1.1852306467489235e-05,-98.52394181528436
92,-323.13866590771687,-3039.933850215778,3057.0600928166823,4.606488723274365,88.99281956842563,1.2610085846487082e-09,-8.068573033819073,1.7054070962627157,0.00015332597640830832,-76.28768516262424
93,1766.3600996395683,-279.5227793865597,1788.34028803097,6.12623887461138,84.55912966553169,3.5001530373829917e-09,-0.33302965323087985,0.9793999427327497,6.02081209856911e-05,-84.40689838227173
94,-2300.6326505457882,1351.9267360332356,2668.4483304645073,2.6103164674116526,90.65055445618624,8.608838376312153e-10,-5.4119969451458605,1.6883390665992861,9.237018091039276e-05,-80.6893640218587
95,152.27068617896788,-4107.418600943369,4110.240129876233,4.749444124045777,95.21986245925471,3.0061715063527586e-10,-6.763766779641557,0.3460499276819999,1.307175739056364e-05,-97.67331975878935
96,1423.6184009818364,-4291.170586792588,4521.154095645041,5.03271859435867,99.08613714467849,1.23420211278633e-10,-4.198690930160655,0.55265061035263,9.9558499677229e-06,-100.03843226212064
97,1041.4199645869678,-4867.208494642075,4977.3762237705405,4.923177171890343,100.70195339808821,8.507552938591176e-11,-13.533634436520817,0.5314082335628244,2.328157360211626e-05,-92.65975300803348
98,992.437132324027,500.34435923317284,1111.4296826304364,0.4669678624951857,78.8728549726878,1.2963268092251112e-08,-8.156705814551902,0.5104691837178561,0.00014864902725928556,-76.55675850994233
99,-2910.5352944535216,-238.64026081176735,2920.3021888736025,3.223401536495074,98.01900030336118,1.5779744597195708e-10,0.9998549805678911,0.14292444622519304,1.600161267631072e-06,-115.9167194923381
100,4753.087509114088,441.0108604487618,4773.503058376534,0.09251919288497201,100.6815003449501,8.547713664079127e-11,-6.201878146239953,1.154572971152168,2.179918597071312e-05,-93.23119407352019
101,3976.013023486847,853.545955816591,4066.598119021337,0.21146438305866583,90.62183269406883,8.665961007476231e-10,6.3791382535685015,0.43800828118358254,6.186339844852936e-06,-104.17132311258351
102,2784.33593858708,3791.3204994350203,4703.896018019936,0.9373558883363262,100.94501748385635,8.044485099914114e-11,-3.0278096611486203,0.2286441401867895,2.9060272634299125e-06,-110.73400332318279
103,2872.153974354392,448.1267660095236,2906.903171901996,0.15477673708365342,92.47289080517497,5.658625071832396e-10,10.78018695173171,1.3172802628710545,9.057832741169676e-06,-100.85951310330024
104,-2621.123397605106,637.4254051611758,2697.5171941283015,2.9030356156554618,88.24073320290539,1.4994316707694083e-09,15.174893816453874,0.6742614097056895,4.550372533284284e-06,-106.8390590260417
105,-2585.5576022594737,-4127.91960658844,4870.813935376614,4.152813350500715,101.90588978647628,6.447792033860882e-11,12.056227197886232,1.3392284067412352,2.683791687801637e-06,-111.42502069421214
106,-3143.83256540042,1816.2246162128272,3630.751307348056,2.6177238584149207,98.84294102521038,1.3052866537594225e-10,7.4065813059033605,0.1912469500730744,9.313617573121784e-07,-120.6176226464508
107,1810.1882957742491,372.6021888493374,1848.1379973620471,0.20300089231386423,93.31522588263171,4.660981849532051e-10,-4.114297991531333,1.715110159648647,5.946283689335809e-05,-84.5150873543489
108,-1384.2889336681635,-1557.009783501375,2083.395142020625,3.9856461057679153,93.27324518414243,4.70625528867913e-10,1.0909707793901724,0.9669793038841201,1.85014761783715e-05,-94.65587191323206
109,-4380.46402658593,-739.3749087561748,4442.425052143437,3.3088057606660204,97.33119302606916,1.8487606865126594e-10,3.54700489201678,1.1923820740406896,1.0777190073817905e-05,-99.34988834532761
110,-2153.0372409049487,-1696.7896403466996,2741.288829056777,3.8090298148111246,91.17646217635323,7.627000631803307e-10,-7.464767021917808,0.8397811602381201,5.4774871787021785e-05,-85.22837244803655
111,-1711.208438151929,459.95494286048984,1771.9460681025707,2.8790093680910105,87.41710905479655,1.8125462392388465e-09,-0.6249803320138247,0.31127747735983285,1.4241025434255372e-05,-96.92917414843836
112,-2917.6063644547376,-3619.5669619924997,4649.052794952366,4.033960772735875,91.60216176156983,6.914866880628434e-10,-15.708146127283907,1.3156338148199198,0.00021107375952164004,-73.51131504667984
113,219.5715205742303,1711.6898795743418,1725.7154737918138,1.4432154401181587,87.74134709685461,1.6821522093042517e-09,-4.4389506021693625,0.5276558550723,3.607704323469106e-05,-88.85538102190748
114,2210.199229086475,-1569.9681268253032,2711.047869644098,5.665560858696457,90.92430672072604,8.082939495677945e-10,-3.5714380812018085,0.3798326431855086,1.6291041639147073e-05,-95.76102239248209
115,3352.25719908018,-2113.838187142747,3963.0720672488187,5.720589476657572,88.07693133265005,1.5570654448452028e-09,-5.3790795236049735,0.46015669562356204,3.372975256232297e-05,-89.43973663717905
116,-2707.475573906742,-1889.7686546282382,3301.7646117367394,3.7509628317407175,87.78484942716717,1.6653865668622103e-09,-1.360144590340512,0.9327419188502272,4.451703727765107e-05,-87.02947474050202
117,3667.848284275168,-1948.6538163740665,4153.355599094485,5.794828091460239,89.34715894004965,1.1622086568122948e-09,-0.01748181073978045,0.6931892211622681,2.3679250097059376e-05,-92.51264074300076
118,4744.84174109361,1127.8415095354314,4877.043122492911,0.23336764257722242,89.96326696750513,1.0084939640368322e-09,-8.372296572417826,1.1117676113058108,9.25689841889233e-05,-80.67068994616976
119,3749.010071163908,2837.6730455692677,4701.857593253838,0.6479105279492818,89.79946769886786,1.0472568991801182e-09,3.4694529791164515,0.8667902272356229,1.881342958435561e-05,-94.51064009323623
120,2421.1228389155376,-1839.0042072185195,3040.3572611267,5.6335895931981135,96.81469208087833,2.082240032882863e-10,1.6421535087157948,1.4289906091334894,1.7068175324058558e-05,-95.35625758556536
121,-4127.31520974858,843.3384980261548,4212.594291274081,2.9400361477372337,90.03512803735825,9.919440946184627e-10,2.728258945461806,0.5891451704678152,1.3553547206677181e-05,-97.35893990412094
122,3644.625026707987,2993.309354108656,4716.268914587099,0.6875910099824437,100.9320686849986,8.068506096741187e-11,7.760522404544302,0.8452599202450346,3.1071392851752274e-06,-110.15278276430436
123,3793.22884339923,750.1532070683678,3866.6930176147703,0.1952418723957237,100.38352196540455,9.154777708586884e-11,-0.8356511465615494,0.1280618816961261,1.3490446934667748e-06,-117.39946680219718
124,-1836.3381458154022,1402.7450300201099,2310.8075222793586,2.489266317662144,95.61365359376816,2.7455834014107077e-10,-3.533895493708506,1.0073680405610421,2.5072651457139633e-05,-92.01599438460565
125,-2410.8878807396686,2563.416409690649,3519.017485459359,2.3255408062473686,97.06774087472786,1.9643818487956426e-10,-9.351166131216061,1.1343803277453215,4.665841152562945e-05,-86.6214008286711
126,-1190.5109920952113,590.9720582601594,1329.121663334013,2.6808275711772778,86.55314197364733,2.211494189486899e-09,-1.356099956987198,0.6515488911260333,3.5817470276759517e-05,-88.9181015742711
127,-2401.23088799062,-2455.520325946453,3434.4562668021263,3.9381684899963765,89.41297863954242,1.1447275526236497e-09,-3.244662733300999,1.9600191960736497,9.634840498788191e-05,-80.32310932051172
128,97.32177343547701,-1840.7332551772029,1843.3042191401528,4.7652109966685305,82.26832173655006,5.931544956228202e-09,-0.2775812768023463,0.4964002331336829,3.947252912043182e-05,-88.07410070384789
129,2653.707896276406,-1631.7265395056002,3115.236282930505,5.731892415634937,87.72362952077611,1.6890287729235307e-09,2.3220624290387826,0.9384286120308789,2.9520019712116835e-05,-90.59766684270153
130,3589.583269559859,1462.5375324609731,3876.0965007286754,0.3869031268346679,95.2451298831225,2.988732262521058e-10,-1.2507698708631134,1.0130169765209576,2.022547467250713e-05,-93.88202511296322
131,1491.8795355297132,3838.493486617992,4118.2201004003055,1.200101461725318,92.61548152333754,5.475853841508908e-10,11.802010497597873,0.048768995763492716,2.9327106194305336e-07,-130.6545861472679
132,1482.6055230900363,-3663.6445281649235,3952.2664846705197,5.096923753318567,99.67203624415721,1.0784409630996011e-10,-1.5378125414463986,0.40575450823581666,5.029816818552214e-06,-105.9689548986045
133,67.19841622018077,-279.8783686988169,287.8324658686222,4.948027228584755,71.16122951672332,7.653798920697856e-08,11.005580101103272,0.8936906932301257,6.96380745098147e-05,-83.14306478757223
134,-187.13909955618286,-3374.5698498265438,3379.7548304486586,4.656990033942342,96.93204459292103,2.0267283417491572e-10,8.93598167685774,0.3242605877316929,1.6500338435752973e-06,-115.65013769496178
135,-3370.448067663946,2596.8589743601406,4254.832159972286,2.4851133856261978,91.79539144402801,6.613949210784027e-10,-1.8324980446327281,0.3060890240164847,9.720824146169685e-06,-100.24593737386465
136,-3370.8882732826755,1364.1046164752652,3636.436326356312,2.75706505825868,98.80386348204188,1.31708453933973e-10,-11.032028555117746,0.7530479622141487,3.0777326467095226e-05,-90.2353818919652
137,4.608157460118413,-3061.6447718728878,3061.6482397969503,4.713894104043281,89.42292035873663,1.142110078928401e-09,7.082655789766508,1.003493541366669,1.5004992207624598e-05,-96.47528393666104
138,-3408.9600009321416,3089.167157238186,4600.430633464037,2.405367896433603,101.08344056087735,7.792125593961773e-11,17.89996853570409,0.648745107860664,7.292956800668501e-07,-122.7419152688999
139,4676.026371324724,-735.2953781406104,4733.485176742313,6.127214585357319,98.62730728159927,1.3717320056498784e-10,9.01294429124642,0.24202696232943563,1.0042715769163235e-06,-119.9629679234177
140,4507.583515130559,707.2609697043856,4562.732429711823,0.15563576002880417,98.06682784503795,1.5606920405350531e-10,13.039445165242503,0.7039171409194992,1.9597825673748017e-06,-114.155837763533
141,3723.3695012980893,1616.4771847105246,4059.122926432069,0.4095898303350253,90.20955587933801,9.528936043822109e-10,9.881317558942873,0.28914279045568264,2.861334926665644e-06,-110.86862304289565
142,2776.998915628674,-2959.697682794915,4058.513687416173,5.465950522507627,99.21918505504823,1.196965118357133e-10,-11.416502533543872,0.40356187108263575,1.643523812667165e-05,-95.68447945423495
143,3939.8614620783333,-2581.011622154825,4710.00311401896,5.703231712230289,93.55161667601926,4.4140610183942146e-10,-11.22542803403627,0.17068747507568674,1.3058467784149587e-05,-97.68215489549343
144,2329.3310659413687,3539.924622657427,4237.552306326835,0.9888057876221894,100.82989645260666,8.260576447609154e-11,-6.810343994447071,1.5193968155384343,3.024778580215116e-05,-90.38612793413206
145,-3278.470920819921,1890.6296409878728,3784.554401517272,2.6184964899359637,92.16760973724203,6.070703560341181e-10,11.264022603601623,1.0239510107831007,6.897592956111981e-06,-103.22604750064914
146,-3135.701046810117,-3071.663988309769,4389.503469875054,3.9166748799439364,96.58451615931592,2.1955755411489897e-10,4.817339201069239,1.1119944699534976,9.462586432906716e-06,-100.47980189313253
147,-171.41536862431744,-1410.7976184678573,1421.1731593564482,4.591479195737118,84.04982512565245,3.9356592258282235e-09,-4.735096681311954,2.5070747397388526,0.0002712881718251311,-71.33138278962221
148,-735.406658532637,-3670.278403932331,3743.229423343725,4.5146395168465725,90.22771741942441,9.489170675094217e-10,5.6937023787084655,0.4312454625824432,6.896893959267829e-06,-103.22692776660003
149,-2331.958521607085,-2906.6430724243087,3726.4734665589835,4.036255798605797,91.86422113761277,6.509953496777976e-10,-2.6285759484626166,1.1344916026937757,3.917590394816968e-05,-88.13961925419716
150,3489.7637141990176,-2280.890201265352,4169.0419632294925,5.70428738007388,97.48087453515777,1.7861278675648087e-10,7.739977774647068,2.4527722176199376,1.3446665541736056e-05,-97.42770729755739
151,-2094.473389522484,-911.9905679828419,2284.413617431718,3.5522619325386966,84.09282743616039,3.8968820098523015e-09,-2.6380864676739924,1.0322946926067822,8.731053433036834e-05,-81.17866697931694
152,3336.893932264245,2783.8235092901855,4345.633952147679,0.695282505152092,92.61039664779884,5.482268922329462e-10,-4.284456312469108,1.129538521180397,4.3311580266604005e-05,-87.26791920565051
153,11.440573225694813,-1124.7211052668986,1124.7792900602885,4.7225605496910985,78.82991938583744,1.3092062243866606e-08,1.7673549329050622,1.119511987731161,0.00010451172896028928,-79.61669926835293
154,60.3598099639403,-4784.9685766285165,4785.3492647853,4.725002774545401,96.27849496250553,2.355865562216497e-10,-4.5234752227157005,0.7849311501576222,2.028058963697361e-05,-93.85838802164267
155,-1466.2677959218101,3612.3012666551285,3898.546099565279,1.956386790479964,92.57921059071526,5.521777985267727e-10,-11.141607053644858,1.7444720990912848,0.0001478372416661421,-76.60432292275623
156,2779.0843607319644,1773.5415549173429,3296.7801763362413,0.5680172694132463,90.83599869922733,8.248977710037049e-10,-17.376281021665854,0.4141972332804241,8.794705672087377e-05,-81.11557370672578
157,-3026.8277838976683,-2281.0420234756257,3790.0975114417106,3.7873989685561424,94.62736378991659,3.4455901799990186e-10,4.8220586634252465,1.2443843802342343,1.3258165270820008e-05,-97.55033077584204
158,733.8061893409542,966.5253344598563,1213.5249258535357,0.9214199436965013,87.58214178181852,1.7449613894427904e-09,4.233011577698681,0.5412137832716861,1.3887087771527484e-05,-97.14777576627903
159,193.41019946238177,28.101712032394303,195.44106905978057,0.14428623168889873,69.94530466942612,1.0126737044997538e-07,-2.5651158372763296,1.3309299394494318,0.0005690438749686823,-64.89708492319
160,700.4101337732342,-547.5879393044441,889.0595631137024,5.6196343994922495,83.763409334641,4.2039647567605855e-09,4.476724209434261,1.3254616461309427,5.132872637495888e-05,-85.79279006677558
161,1155.8685473760324,4556.561552584917,4700.881330272893,1.3223653896551364,101.01990043192875,7.90696755618692e-11,-2.0855004186074146,1.265732718004228,1.4309419166879945e-05,-96.88755927927879
162,-2204.1086187668952,-3766.05738549941,4363.631862817619,4.182881018430116,92.08964853311181,6.180664171429132e-10,3.1398102626661384,0.9846264500193859,1.705291228782796e-05,-95.36402832551482
163,33.2485213434916,-2818.871147447161,2819.067223405927,4.724183410804472,94.01767919321877,3.964898560870228e-10,7.03818396669402,0.6321241077619185,5.597694537873919e-06,-105.0398145354649
164,428.83838372587877,1150.4657767455396,1227.7922718519374,1.2139979880351446,80.11185647725638,9.745729482708853e-09,-0.7350477523964438,0.647194830288423,6.953358212539295e-05,-83.15610780938505
165,1890.9748003066102,1894.631002335311,2676.8287824223517,0.7863639799886295,85.56779426753879,2.7747290002576975e-09,-5.471200669341894,0.7873421460414929,7.78634817430993e-05,-82.1733234939183
166,912.9269260280271,-2287.716073793004,2463.1444144746893,5.092081337473204,94.34991960895084,3.6728909922198763e-10,7.374681378773181,0.8417036194822433,6.901272011736958e-06,-103.22141583459099
167,2118.5922493884595,-3252.1199964609173,3881.329358679808,5.289782572402798,90.37644478090549,9.169708331155078e-10,5.838980482271619,0.444278306238397,6.868847024362298e-06,-103.26232184865705
168,-1315.1263474987502,-3853.775525522032,4071.9949792451876,4.383524512534853,89.74299042623154,1.060964755968814e-09,7.652955670863382,0.7015461930565566,9.468015656484206e-06,-100.47481973430817
169,-2764.4167006342022,-2904.5905407993037,4009.8186872283986,3.951712126663794,88.42458570585868,1.4372801558000057e-09,4.498963870590078,0.08621801817528547,1.9472448191632023e-06,-114.21158439880004
170,632.1895944858933,-2374.273993342334,2456.9983066412547,4.972617722848139,86.0962430386256,2.456833335191083e-09,4.111915487041996,2.028659262779655,6.263270694040906e-05,-84.06397622129771
171,619.49893729048,-4143.545988431008,4189.600493071712,4.860799056681444,92.60185692038127,5.493059559473022e-10,-2.747840758749782,1.504889063189952,4.8395354771015936e-05,-86.30392626289508
172,3567.969882981771,-554.4219875665269,3610.7883939885164,6.129029507448751,97.93518636198931,1.608723343782286e-10,1.8115552637731005,1.0344965854572545,1.0651039131006126e-05,-99.45215957953002
173,847.8110413607725,3166.78787002795,3278.311909445072,1.3092112053389926,98.49185464375859,1.4151892978332134e-10,-3.1312015460656535,0.2806002097677218,4.786910817882098e-06,-106.39889145604288
174,-2615.3853421088133,138.67941915350656,2619.0594626725047,3.0886177952970937,88.6894250164377,1.3522515824995479e-09,-6.318887653321614,0.17685684447619845,1.3461547990523688e-05,-97.41809927871722
175,4163.358919207973,-1970.876640157633,4606.290505479177,5.8410545135020495,99.81598942650893,1.0432804214652474e-10,9.010231172696798,0.3458468168994412,1.2519089749904292e-06,-118.04853800351185
176,-141.03588209959557,2957.900597929079,2961.261060303332,1.61844131756001,97.96513712577374,1.5976670829206467e-10,11.05880050064456,1.2148356574620283,4.298536802721658e-06,-107.33358499167619
177,-4591.604771279046,-9.054687540187272,4591.613699234611,3.1435646603834746,97.67555594882455,1.7078290835388289e-10,-0.6575240404412122,0.400901122981871,5.651134935837757e-06,-104.9572849158924
178,-3847.8214799100997,1709.2659786604765,4210.382444275544,2.7235586446168245,99.5369870287533,1.1125032724094271e-10,16.49562030022303,1.1682925279557457,1.8446808217449861e-06,-114.6815706386287
179,-3403.6100879674136,744.1348799769106,3484.0060778523043,2.926348465541209,90.9747585859201,7.989583526472482e-10,8.580432413756121,1.0161242106250012,1.0695159093205662e-05,-99.41625420394269
180,4668.17720219236,-1241.8386806833496,4830.53223774667,6.023184710143474,91.37117929890175,7.292594576221615e-10,9.416824054651636,1.4955015025832301,1.3657986717912916e-05,-97.2922656432251
181,3016.812915728841,-3730.620339340423,4797.779516068741,5.3923896840867895,95.80488613032112,2.6273104122326396e-10,1.7300444041023813,0.4486995853179494,5.959490632262261e-06,-104.49581571365084
182,575.813787422535,-2501.327269478632,2566.7488437366274,4.938650443897513,95.00856273417689,3.156048921870644e-10,-3.1005357510419356,1.799009852802287,4.567012420655877e-05,-86.80735595509753
183,4454.829400492651,1785.5111482880802,4799.328603893959,0.38119884452812947,96.98998564167283,1.999868481441017e-10,-20.553130792998648,0.7382653850362838,0.00011126786726352204,-79.07260464691767
184,-2625.8484554068714,-2471.8945202496343,3606.292088836236,3.8967995821280157,92.5133313275876,5.606177799271349e-10,-3.89528357083522,0.8606802765766722,3.191093011912759e-05,-89.92121046956169
185,-3739.0857029276376,2873.5607143868397,4715.730385964116,2.4863439639498695,98.63349047814833,1.3697804142784666e-10,5.5518291707455845,0.6597198028931973,4.074680285914083e-06,-107.79812710624446
186,2214.7293384030686,1200.885403348521,2519.35543231971,0.4968556520167688,96.05751779066395,2.4788384324939175e-10,-8.840232771444844,0.6826538837495837,2.973968158910281e-05,-90.53327342007199
187,1132.7726444162638,-1179.6824980854701,1635.4891195685132,5.477504190070269,89.31768142319848,1.1701239207378534e-09,-5.388795545018571,0.8643741475620271,5.4986677052294436e-05,-85.19485033709032
188,-1886.059727219792,-2082.3785666985873,2809.5412062623427,3.976420570019072,89.52411085255825,1.1158065712471895e-09,12.085170071479395,0.8565180003200632,7.116598228701038e-06,-102.95454981558021
189,-1893.0228641900414,-2801.015015010041,3380.713042933098,4.118066173122868,89.37694108712468,1.1542659680966219e-09,3.7461417562352266,1.7173044620913462,3.790470806969114e-05,-88.42613664710866
190,36.18851974927096,2169.0754507920014,2169.377311624275,1.5541140289998772,88.00801411538752,1.581971256888659e-09,2.6865828626919384,1.100480290209903,3.2125686707526206e-05,-89.86295133429499
191,-3744.026895563469,-18.230940469475602,3744.071281625529,3.1464619552513415,95.8434977763705,2.6040554177882473e-10,2.9948801552183264,0.9225328660167615,1.0545397400036184e-05,-99.53874016359393
192,2117.2386774194597,-586.7265887897497,2197.0315671727976,6.012850356975365,86.70937213513827,2.133353312359424e-09,-14.20527280381658,0.5928510191886289,0.00014052079696960854,-77.04518785326012
193,-4568.635685498359,999.2065773645986,4676.627610902726,2.9262730718683096,99.9326728213777,1.0156234453321482e-10,0.9021699630024186,0.5673347572067557,5.153440329149288e-06,-105.75805327883188
194,4035.1833894724286,-736.1746313224427,4101.787180544224,6.102730966940302,98.91180156592127,1.2847536003405424e-10,-7.930022584027515,1.2419901678288972,3.5077546473052346e-05,-89.09941557872787
195,703.4317472462476,-4041.196596931329,4101.961257506373,4.88472749347072,98.67365794444528,1.357169857744101e-10,-2.056301683296115,1.2612689001185466,1.8618293580253587e-05,-94.60120205066582
196,506.8667128844836,-3821.7581723620206,3855.223650146151,4.844246039398516,95.92458721868987,2.555884817193848e-10,-4.993863787889648,0.31928446445966685,9.070716966935311e-06,-100.84716672464664
197,-1222.168820485495,-1168.1572638296323,1690.6472189090305,3.9043987666732383,89.58664727734335,1.099854591733951e-09,12.717354194040249,1.6453884916677242,1.2620262312594461e-05,-97.9786316751914
198,-103.23240407579611,993.0974981786272,998.4485816204643,1.6743742409991575,80.04686680825024,9.892665377403964e-09,1.24467208744622,0.6983616490304952,6.018710260965834e-05,-84.4099311154311
199,-4629.736296450831,791.4658298483346,4696.9007158435625,2.972276721065625,99.28448523215657,1.1791022735721093e-10,1.501519390740599,1.267618423271846,1.1579460120235926e-05,-98.72623302279948
200,-1784.6908344309636,2872.2622690920116,3381.569445827112,2.1267692972973418,88.77554760261688,1.3256999494999146e-09,4.003164376671226,0.6869736494976809,1.577627543835216e-05,-96.03990984902191
201,-287.44298109442246,3918.3887660755813,3928.917661327069,1.6440226066802417,100.3328378635172,9.262243914680851e-11,8.541377587314178,0.7720009012281723,2.7791183051443636e-06,-111.12185617885567
202,1983.300936297109,3020.2623473159165,3613.23501180469,0.9897498696140711,92.556355238637,5.550913709252986e-10,-2.905755056652438,0.9228788712697588,3.038188350074925e-05,-90.34770583204947
203,-2000.713481688072,881.2680290130255,2186.2039645853974,2.7266863197467752,88.95540395983886,1.2719194367548349e-09,-5.686565623766875,0.5822823367428727,3.9966093437593596e-05,-87.96616579490563
204,-1072.075794902566,3557.7109668426137,3715.7305921727125,1.863480781180097,97.43087671361106,1.8068093472004209e-10,-6.5355833117702335,0.41386518467286676,1.1805767442386453e-05,-98.55811478512899
205,1172.1938385812668,-474.41962555984,1264.5601513270233,5.898609755740309,86.55279591464038,2.2116704150681088e-09,6.015402565648022,0.4312656798988392,1.0146937243578304e-05,-99.87329965651762
206,-2203.284757804653,4348.315350833589,4874.659999863513,2.0397883451499736,97.89327854636453,1.6243220706185133e-10,-7.98368888346488,0.7488505638451641,2.392851118627467e-05,-92.42168607735813
207,-3146.8604065001314,335.9235521937115,3164.7393338024876,3.035246588324751,93.48492101031583,4.482372024817541e-10,1.5200884896441689,1.4500248749794837,2.5770626554279185e-05,-91.77750011168109
208,-1384.5665701892156,-2214.873581184898,2612.027865072718,4.153701820253207,94.11067082135449,3.8809041601275754e-10,-17.674297973548903,0.8195194121460266,0.0001235209442284088,-78.16518787224071
209,2909.7722138835725,-466.99006805495316,2947.0076451123905,6.124052069383844,85.63511290872164,2.7320504145786654e-09,-9.600912571057908,0.42701230056141054,6.741093775407848e-05,-83.42539249805569
210,736.7906298230132,2225.5616796660825,2344.35177014737,1.2510947126820338,84.11470360900766,3.8773020885579374e-09,8.951115650155106,0.9320490406976426,2.0708459874842382e-05,-93.677043563804
211,3852.6609034039357,-1542.401844661138,4149.939696794559,5.9023796914812765,92.27013620521616,5.929067293044503e-10,2.8636634783974046,0.278209971592294,4.871724355414329e-06,-106.2463440626354
212,-1022.9199284544417,-3528.13914639951,3673.4358598437384,4.430194417869264,96.62773814493944,2.173833041068849e-10,1.6840527844530273,0.784972877538254,9.53377953356625e-06,-100.41469699396971
213,1569.1678233564598,-5.67163569173391,1569.178073167182,6.279570900288667,88.98650758874605,1.2628426506535837e-09,-5.092243437931937,0.22985938162326133,1.4680776481440169e-05,-96.66501887891926
214,3739.555178713301,1276.7835369259592,3951.5122592251473,0.3290167065469357,81.78003289393527,6.637380431589167e-09,5.299785587188911,1.0295636028696413,4.5568240204975974e-05,-86.82675467070978
215,-2946.112388692733,849.1588828537197,3066.047784222904,2.8609684093850323,85.88795877625262,2.5775323360970967e-09,0.04424571856224184,0.5165489136400456,2.609163099234119e-05,-91.66997511167
216,-4669.286384600037,-1696.5286341343094,4967.941701333552,3.490100011085052,92.4784875488158,5.651337510622341e-10,0.6000134267154289,0.21076400304510914,4.675966485779221e-06,-106.60257034710627
217,-83.36799070651708,-277.82922778352065,290.06775361151284,4.420868712141012,72.42014301363676,5.727771690619124e-08,9.84544774417667,0.4205202745440475,3.2397194362312704e-05,-89.78985170413495
218,2807.9378038307614,-4094.461961432557,4964.789367516014,5.313513689932575,101.29033725844165,7.429614397777315e-11,-4.0502368455679,1.0825503577760074,1.487452435916291e-05,-96.5511376712289
219,1678.733702534936,1614.623517609274,2329.196416716203,0.7659341076027704,94.56341014518719,3.4967049270577717e-10,-4.250309201206611,0.0844517152451529,2.576044894355543e-06,-111.78092807866832
220,-2696.1602293399815,641.3512122552264,2771.3915926364266,2.908057169442311,94.96090870196188,3.1908701391975637e-10,8.566700405453389,1.0085498143512603,6.71918963646733e-06,-103.45366073917774
221,-30.806950704408717,-4198.90458966233,4199.0176019277515,4.705052210214345,89.40092892392012,1.14790806615316e-09,-9.124787671991472,0.8803256019257296,8.527785534604406e-05,-81.38327450330719
222,-2404.0231148316057,-1981.9381018243057,3115.6709993366735,3.8310508002967354,94.31432628842117,3.703116465845337e-10,15.921675445436941,1.0315635640063299,3.1746504039747884e-06,-109.96607911856964
223,3366.422090503426,2031.1812335464888,3931.7292499536247,0.5428900854327073,90.83270785872469,8.255230692418738e-10,-0.1346554349454631,0.35337690663157423,1.0311825224485796e-05,-99.73328828699302
224,190.90129600317024,1759.703878654523,1770.0285436589609,1.4627340337678678,81.96755450317639,6.356887851895321e-09,0.8810341719631101,0.2872801190490534,2.0695510244647814e-05,-93.68247681364133
225,233.6066395145054,3734.4498432697947,3741.749282611417,1.5083232299006786,89.7279781219364,1.0646385502719407e-09,-7.162222220157982,1.259408331857248,9.373003237724963e-05,-80.56242456643025
226,38.7278942574697,2458.1772405566003,2458.48229519435,1.5550429100504661,93.61070998683688,4.3544068180145123e-10,-8.748299980988294,0.4480105418100706,2.5595742529040483e-05,-91.8366450027832
227,-3205.9461683912077,-3580.1174097159173,4805.760241832012,3.982073228112008,90.70681646465268,8.498031831886931e-10,2.937615332230008,0.5626509889941448,1.1695465084470955e-05,-98.63964932253404
228,225.64881900218194,-3072.912414414923,3081.186150848798,4.785689001602452,87.09501205815707,1.95208531408404e-09,9.266624234691681,0.34759594814105804,5.284366012913114e-06,-105.54014054277117
229,-69.49074373968116,-4404.44805785288,4404.996215411485,4.696612888202093,90.36303674714244,9.19806184441779e-10,-8.617632282329822,0.3536905554543472,2.8930320159674704e-05,-90.77293490318942
230,-3557.9418192261414,-2430.2361151234954,4308.711821907885,3.740848892813896,93.5647645311751,4.4007180731072924e-10,-8.006766786576827,1.920545461046579,0.00010128023597250031,-79.88950582352318
231,1792.9524607506698,-853.1005431327403,1985.5626565800583,5.83907818612142,92.27811039146935,5.918190777242765e-10,-1.3953159838865914,0.5574540999701889,1.5924631578583407e-05,-95.9586115829098
232,1259.680411830087,1046.6300114888627,1637.7512390157408,0.6932824370490964,88.53842712052949,1.4000943013491866e-09,-10.144783518502457,1.11897861966796,0.00013462930642881013,-77.41720776670941
233,-183.40070152518214,2816.7048549454544,2822.669314176427,1.6358163376610473,92.82356301252898,5.219677836352879e-10,6.0462827784859,1.2821425533822175,1.460306521799085e-05,-96.71111890932357
234,1071.1853787480957,2363.634555894636,2595.034957271854,1.1452893114947802,86.40644649132555,2.287469704155989e-09,-0.1347806176632183,0.7327549681683408,3.559389197122724e-05,-88.97249019583117
235,1879.6944440092389,4477.055458347035,4855.6438069481765,1.1732953351869548,99.8587751502138,1.0330527186927516e-10,-4.947491014818289,1.5606872165317673,2.803829923269434e-05,-91.04496636327795
236,1871.1429405614401,4300.67204580721,4690.091251734927,1.1604176221723836,99.22639335627376,1.1949800761522211e-10,4.793638261759362,2.0685826767075826,1.3021808445826986e-05,-97.70657328350131
237,1137.871480971413,-4377.655196755435,4523.120220477004,4.9666888095460795,93.33429075084554,4.6405656917553587e-10,9.727730467500033,1.1028470683564628,7.752008355463485e-06,-102.2117142366285
238,79.63583485787397,3168.7790139914605,3169.779535820465,1.545670221375521,92.3331764099264,5.843625277339066e-10,0.43378416505548323,1.43236503049277,3.293864130952468e-05,-89.64588611767469
239,4719.302346282348,-1394.8670429044587,4921.12473963088,5.995801014198552,96.98740545122864,2.0010569779295445e-10,1.903441367795736,0.6429553016040378,7.305306482286177e-06,-102.72722999555245
240,-1312.3778045553258,2746.772265564497,3044.1901025993393,2.016517844319468,91.84752636010123,6.535026665139023e-10,-1.2973637587209983,1.0568500332670943,3.136932945088483e-05,-90.06989501628374
241,437.011804314364,-3656.2100118742032,3682.234507474946,4.831350513600608,93.64705484373395,4.318118095676739e-10,-1.6044683524653767,1.4076292555920138,3.518511379017846e-05,-89.07282055528123
242,-2043.8738414609713,4379.831678267167,4833.254163579753,2.0074145605463563,99.18188585925587,1.2072894737520853e-10,-6.390825064651851,0.5851170768938949,1.34180601269207e-05,-97.44620467993202
243,3492.0607981949242,1284.917132413533,3720.954266778831,0.35257893841374016,92.6001310906394,5.495242863622063e-10,-18.64337165179501,1.0260430089465509,0.0002057441964559705,-73.7334480844901
244,4391.059120683301,-1355.9388751118481,4595.646900532676,5.983678994908318,96.31364157430087,2.336876937493438e-10,-11.149858144353521,0.8054690327660906,4.444876273933029e-05,-87.04280627257207
245,-2807.6651652106757,3557.0399207873425,4531.6130326862985,2.238994945374306,93.31412354159394,4.662165065969196e-10,-8.839007266062325,0.7154432137329289,4.2738507794730137e-05,-87.38361270077084
246,1757.7434518372013,-3370.1612305750677,3801.0062828871796,5.193135951813841,90.26652255628127,9.404760586894343e-10,-5.752737087817368,0.30389547613700557,1.8073196134799734e-05,-94.85930028560254
247,-1365.9716015805081,-4464.2836396749635,4668.587241531849,4.415457046037666,100.20318113287894,9.542933263977446e-11,12.733598615437279,0.5916700956015499,1.3342605091234124e-06,-117.49518084708885
248,38.7940910848634,-2955.4976103216163,2955.7522064814375,4.72551430425043,88.67336169261056,1.3572624395729654e-09,4.214244578104777,0.6061897125257588,1.374764307771663e-05,-97.23543440280068
249,-2354.899752265219,1851.2596346272323,2995.44906116244,2.475365831777326,85.77133723196755,2.6476847670096574e-09,-3.8134754316900117,0.2809728319551062,2.2427002877710366e-05,-92.9845748371147
250,-4641.828765689322,1464.8514190281946,4867.480248527955,2.8359075838476286,91.77696007588959,6.642078322132696e-10,-1.0790745978042893,0.5092298080197329,1.4860025116240151e-05,-96.55960854619391
251,107.7155901091147,-3275.5406572203938,3277.311282966017,4.745261961747092,98.65386812424866,1.3633682864364707e-10,-10.650543016494364,0.8419298825349467,3.3505003587765405e-05,-89.49780636522179
252,4143.520622403095,1150.049703594053,4300.160167832881,0.2707388621120767,100.26634336593429,9.405148636282544e-11,-14.607001123761842,0.6691877973103959,3.488035535995884e-05,-89.14838173374977
253,-1434.5909060417282,2434.881263853186,2826.074633968628,2.1032242609106535,91.97259770481371,6.349510263271933e-10,-8.823035203951166,0.29824809026156596,2.075389171497935e-05,-93.65800865269797
254,-1962.4542554811535,-818.4124911858398,2126.270375701336,3.5366977436708193,89.19993136832558,1.2022834341849117e-09,11.096456434037645,1.8218378980036507,1.760720180543544e-05,-95.08619266788341
255,2868.6622093599944,-2221.2222828981094,3628.0919643048264,5.624308982146385,90.53831267867139,8.834230613624817e-10,-13.586074186876793,0.4950479753410189,7.031295725422568e-05,-83.05929259499527
256,875.7178712368243,-3492.7088683801085,3600.818938695004,4.958052153562066,91.59650666048296,6.9238768366421e-10,-3.3566845095380775,0.8641557551066859,3.346577748264158e-05,-89.50798135925288
257,-1859.1026095576717,-4077.7400554208075,4481.542867411561,4.284627089101347,90.58986114009319,8.729992809372862e-10,-10.643750096501664,0.22478897577612703,2.2618794575638835e-05,-92.91061048934323
258,-1416.2847211196486,3974.2974953765474,4219.111635526282,1.913126704197754,94.26902911620155,3.7419423163539253e-10,-7.094092464435865,0.9611933022902185,4.207885398645652e-05,-87.51872172681509
259,2852.3478609098806,2679.2869011700213,3913.3702378408343,0.7541226839684521,92.84882704585593,5.189401767536139e-10,-2.1777885120330907,0.720977891373292,2.1104254753645083e-05,-93.5125991746542
260,-2746.3372852256484,1433.6706735781372,3098.0284189301065,2.660476704566382,96.48730225016769,2.2452762110372298e-10,-5.808641088952378,0.3224200291291556,9.429506295904353e-06,-100.51021998249666
261,-60.328093193730076,3232.0697929043467,3232.6327699002773,1.5894596269174368,86.96649857125162,2.010713264212922e-09,6.126795252133621,1.1340107903818224,2.5116116903410114e-05,-92.00094973772352
262,4727.662149146936,257.69067700581365,4734.679913309065,0.05445311489346123,95.97591816874848,2.5258536473818186e-10,9.882417253119973,0.8788059817848366,4.4768880378862895e-06,-106.98047339413093
263,3836.904514932502,-1880.725380993919,4273.050925910448,5.827434700920606,91.44272700875015,7.17343717531402e-10,-12.976831848510484,0.7612821376313763,9.083451084809294e-05,-80.8349822680182
264,-881.4636748703577,4206.129455854366,4297.499646250329,1.7773732597054686,100.90057228790283,8.127234131629604e-11,6.429130016095791,0.282706956038331,1.2157698786086693e-06,-118.30296526987921
265,-3654.4237385592296,2439.711439970334,4393.973688049046,2.5529407386760656,96.57420091347574,2.200796611197811e-10,-13.03113266162628,1.0408514289423982,6.922059534052611e-05,-83.19529327093774
266,-2244.4533939599096,2600.4970702810683,3435.135521373004,2.2828387729805883,96.35234061242096,2.3161460360587745e-10,-11.135971551986362,0.15641741534207493,8.579592329309118e-06,-101.33066594237947
267,-3178.183846499898,3282.7028977260984,4569.1345873034,2.3400187020709913,96.5626491872271,2.2066582654776118e-10,3.1746391133210934,1.1664178107400538,1.2022359974331743e-05,-98.40020472746974
268,-3553.03805014853,-2178.4555194119134,4167.702944771796,3.6916068431320883,90.76437754289945,8.386142652738106e-10,-9.314445610813927,1.1266297338859292,9.534207779514855e-05,-80.4143076629436
269,1594.6171189727108,3971.9556280831052,4280.097576876243,1.1890241981336975,89.07126513201436,1.2384357684601707e-09,9.681059140221544,0.720284181173095,8.315486509589807e-06,-101.60224568891736
270,-1970.2599847118754,-2786.331207098236,3412.5600365424125,4.09690298066415,94.72059242263495,3.372413023160427e-10,1.9709586363205192,0.905069757045822,1.3246602374437196e-05,-97.55790933997169
271,-1683.8818642332446,924.0443147057972,1920.7592322396197,2.6397031874909778,87.024683797535,1.9839540999197246e-09,-7.959130841665291,1.0167270807448228,0.00011322093666716476,-78.92146505438988
272,-2290.9366634341527,1788.8232448842027,2906.59240302194,2.4786529210963804,93.56467491000946,4.4008088874209174e-10,-13.806225000234996,0.9882990767406232,0.00010161688883760447,-79.86068203126916
273,661.4728161909546,-2149.9569715453476,2249.413538248589,5.010865644662209,92.79253498363208,5.257103188874017e-10,-5.827289352394819,0.5792350267856609,2.5977211753976142e-05,-91.70814897480992
274,407.99105372840796,-3839.8174556355184,3861.4317024292486,4.818244536798364,96.86431888808028,2.0585817163342385e-10,0.5071691165583974,0.31753474079700167,4.297509518030609e-06,-107.33566103433274
275,3417.721617863098,-3593.3871169258186,4959.1583992949045,5.472737075318656,94.92597729840885,3.216638606959517e-10,-6.403133705709164,0.6581729043465647,2.4671628656414226e-05,-92.15604325470245
276,-1828.4161243138703,-328.23806358771424,1857.6452164067193,3.31922104125065,82.8951778136499,5.1343115560641354e-09,11.59755984097075,0.6369778422630654,1.2008463507123536e-05,-98.41025042432499
277,-2327.393423498919,3401.4729095681164,4121.501923118781,2.1708605280207096,100.5489020786936,8.812716353622664e-11,-4.401895624081725,1.4350201878286766,2.236184784064655e-05,-93.00984585104602
278,2561.069168179397,2222.184520434305,3390.749080521434,0.7146682031275342,89.17281044962792,1.209814972681547e-09,-5.9107801078542375,0.6941613202700887,4.768248637691103e-05,-86.43282195046947
279,3729.941174178963,-1399.3053519465627,3983.7816996946303,5.924278924814693,93.27751173156607,4.701634092158793e-10,-10.44035362431996,0.40843918106111665,2.9462492934232837e-05,-90.61460987761168
280,-3372.3269589130095,2986.86629611052,4504.881728597594,2.4167351289345906,100.10298356384011,9.765660983710363e-11,-1.7219266019882966,1.217183610705145,1.46657152304592e-05,-96.6739344499992
281,1146.5776421196113,-2687.1193357612883,2921.515123019348,5.115693568106967,88.99273595691244,1.2610328621505474e-09,-3.7578237918182142,1.423668552812647,7.792257288069985e-05,-82.16673421198223
282,2358.2896967811257,1049.8298281056577,2581.4091039438845,0.4188265050113229,94.0563559367994,3.9297453282083556e-10,-1.6967715850729987,1.623823303900265,3.913447862116752e-05,-88.14880873408804
283,1980.46861611798,-2404.737576818604,3115.2879084912324,5.401337278640327,86.17670183610801,2.4117362790057617e-09,-5.947976733071527,1.0074104295641388,9.8122857609372e-05,-80.16459615994654
284,-4240.856764961378,2058.424599485024,4714.0192970207245,2.689709771309849,100.81730713571584,8.284556925125305e-11,0.7915506859641355,0.43471524793942723,3.6121184427257144e-06,-108.84475794425248
285,-1676.6955632732402,3551.799679754376,3927.669662408418,2.01185075476166,95.14965173363119,3.055166101118278e-10,15.735472200155339,0.7664559712129968,2.188925674920215e-06,-113.19537572534215
286,1110.1612078038795,1858.8562323997578,2165.1338064988017,1.0324174682992142,91.85279223781072,6.52710766128024e-10,-9.14493335034676,1.0038816492964717,7.35003777537402e-05,-82.67420845906834
287,-3532.513959325137,-2970.9402058090745,4615.74918938625,3.8408544055007896,98.65729192338759,1.362293886495163e-10,0.2710673684930428,1.3824882436141697,1.564024249254534e-05,-96.11512979963382
288,-3709.1606989918346,1513.487687112444,4006.0601680437317,2.7541741088965037,96.84524873094355,2.0676409597345462e-10,0.8830902110414358,1.7849486961957959,2.318509025400621e-05,-92.69582380857608
289,2893.4431826145465,2268.1682377205157,3676.4929764141784,0.6648460807322224,97.36622967879714,1.8339058341523092e-10,-18.461253485573486,0.21370375707671885,2.4241715374062143e-05,-92.30873268566376
290,-640.0604692545567,3594.914089515563,3651.449673116127,1.7469960515857166,96.98510242284931,2.0021184036071917e-10,-0.9003670156085976,1.05564105030328,1.6568359135770823e-05,-95.6144094806526
291,3421.7679016081634,1463.7033324623494,3721.682820705886,0.404208018062628,94.05743024446824,3.928773353293413e-10,10.232984007881655,0.38524334988785713,2.3507932661094277e-06,-112.57570754513264
292,-96.57965201802507,-3186.4658996957423,3187.9291960625033,4.6820889248156865,92.95668771271293,5.062105926890165e-10,1.963379188466281,1.5381266504465585,2.760506359600911e-05,-91.18022464542163
293,4163.612594888827,2196.8296003768687,4707.6246806015515,0.4855032512001917,94.23655201624456,3.7700299328039164e-10,3.0811149521143144,0.9192108905495268,1.2517909651475729e-05,-98.04936305231452
294,417.39637164378433,-2781.053677258524,2812.201857416099,4.861362735408533,89.2980724041112,1.1754191435067042e-09,1.5925507635010563,1.5593310916377539,4.4504833440943714e-05,-87.03185620420814
295,-2287.699879570576,-1629.102676855604,2808.4775716970435,3.7604025087133723,94.64260103104246,3.433522493741578e-10,-0.06701787247163005,0.24250447904311953,4.528356464810145e-06,-106.8811859523546
296,3132.561710938877,-2450.7537724434255,3977.3278625210146,5.619300763055988,92.63216170315128,5.454862774144541e-10,4.258462108481784,1.1312345419074106,1.6181600211265627e-05,-95.81957012071695
297,852.8067542011438,-300.5388852459443,904.2140131384632,5.944363798786065,86.36876241875176,2.3074046214018197e-09,-3.3650207443346014,0.5747283830276092,4.0670130095390375e-05,-87.81448855391814
298,3268.445191887244,1760.9586936944913,3712.641848235439,0.49418484807194557,90.53204465064285,8.846989970648829e-10,7.184430568788632,0.7922806311704714,1.0305172785074182e-05,-99.73889359877762
299,-1288.25035386697,1003.8336899245608,1633.1782056058464,2.4796499279129094,88.58486084504933,1.3852045694000612e-09,-3.9489663141922646,0.6036912752763866,3.54013784499898e-05,-89.01959629855403
300,620.0139700048484,1177.5899578205715,1330.840122539529,1.0861656085598441,88.55492537310487,1.3947856247016537e-09,0.35396364213370507,0.9766880883173764,3.501962089654897e-05,-89.11377094525066
301,23.12070237845218,-4566.162577723265,4566.221113029771,4.717452423569536,93.09008346853824,4.908984413173048e-10,-12.623994739996672,0.40590131502727594,3.84694539585852e-05,-88.29767933607098
302,514.4978999098695,1166.681177259538,1275.0894315236744,1.1554580584163787,85.11882285893763,3.076930693778503e-09,9.94481442645153,1.1998443142726514,2.118083287975277e-05,-93.48113891833245
303,-2717.6917232131605,-1310.8760177361748,3017.3240191098416,3.5910200533962455,93.51840762968074,4.447943244450669e-10,-11.142568482134271,2.078098516081712,0.00015807899815594657,-76.02251644784474
304,754.6740254975851,2256.2702891156887,2379.1360831837515,1.2480154274524817,95.40720278626164,2.879252292986589e-10,14.044065237359028,1.651514532964733,5.563127308010343e-06,-105.09361846748483
305,-3623.9600854538717,-674.3980100604517,3686.176796755187,3.325582217910476,93.36899847853473,4.6036272505498227e-10,-9.532840131563132,0.5912431701871427,3.8015282276845284e-05,-88.40083537903455
306,-2095.1921134630797,-3914.575987415848,4440.015219970608,4.220957442929478,89.2824708420836,1.179649303971436e-09,4.983327494153913,0.3132019484583234,6.060863991664243e-06,-104.34930779951691
307,3657.287166388579,435.2362264026885,3683.0938068699597,0.11844814230573203,92.28728836379356,5.905697034030427e-10,18.134749131635633,0.9776473352550957,2.944966413153978e-06,-110.61839012867992
308,-2426.5479900359455,-1613.5707514886376,2914.060005903635,3.7284166169240205,97.17118282285165,1.918146252748749e-10,-1.6960091124555046,1.4742893361401923,2.4821272281940255e-05,-92.10351887645815
309,1399.3977913509427,2608.02595036474,2959.7488974934686,1.0783197208196194,96.85907467469231,2.0610690061511316e-10,-2.7669088844190863,0.5240296904488896,1.0345407558118183e-05,-99.70504707235233
310,-3103.0338990805235,534.4678478353858,3148.7259739794226,2.971025819556328,96.67850208660411,2.1485714043210175e-10,4.180920580395311,0.6921258191506966,6.269225871824644e-06,-104.0557202711145
311,-3374.5927759977308,-379.3648451548468,3395.849538709781,3.2535406033836893,96.77596063025337,2.1008930142102937e-10,-3.007846919935537,1.6329290882932304,3.346275085568676e-05,-89.50876694195102
312,-2144.332387077753,-4194.423072322439,4710.769183042338,4.239794481615286,94.79050501835991,3.31855865524259e-10,-6.384229255729284,0.9116873856232748,3.4636353042364574e-05,-89.20935659557526
313,2264.8655999412513,-691.1344247087308,2367.9702233800813,5.987006148026532,89.505116899278,1.1206972598625681e-09,12.860100257685968,1.2630007754472996,9.619284272567448e-06,-100.33714390999512
314,4452.139735953668,-354.08308845752134,4466.197830592507,6.203821364528292,90.79560861348678,8.326052378148437e-10,5.287904109763496,1.216400680762489,1.9094180265583314e-05,-94.38197917782419
315,-1548.0191304639955,-4742.549848732505,4988.801689383455,4.39688165913889,101.59341056106933,6.9288146507247e-11,5.163270213142529,0.24197120069791767,1.1115516324230156e-06,-119.08139936951645
316,1834.7302838607409,1412.021200969534,2315.1758219416424,0.6559319278156726,88.60458815217626,1.378926712410283e-09,2.4720081669213423,0.39123983243663374,1.0929826003200346e-05,-99.22773423978008
317,-1683.7979868028342,-3371.5312588938405,3768.606995968081,4.249208364399842,89.0637226262229,1.2405884610095042e-09,5.110138386682815,1.607345444384676,3.1435196034410845e-05,-90.05167626333699
318,-4900.282958050235,-948.8802772706376,4991.30712835333,3.3328633484024324,93.00274652387616,5.008703777635753e-10,-2.4981864589598315,1.0917574555084233,3.2576030513154586e-05,-89.7420364710929
319,703.4607250773545,1527.1872507038238,1681.415442547933,1.1391418088958458,89.32290495738276,1.1687173847873326e-09,-1.8913484081147423,1.2290366196630615,5.2238054674204695e-05,-85.64025992167282
320,19.66078207086003,3178.199419083055,3178.2602306626036,1.5646102671148157,86.98236230763119,2.0033820084569577e-09,4.350049493928648,0.4998150140523895,1.355778391391927e-05,-97.356225203839
321,3098.2791000125126,-2890.678386343171,4237.375946838551,5.5324371849505996,95.73620390719628,2.6691907385281196e-10,7.946429740298944,0.5857187896723308,3.833164645916938e-06,-108.32884825590816
322,-1249.480930814051,2782.8674348266704,3050.5005747068335,1.9928104018724575,92.8287648726182,5.213429592256713e-10,-6.1104284875373756,1.0307285483400705,4.755842742384392e-05,-86.45545010298848
323,-3989.1434553335566,-1045.8757050748425,4123.969143640184,3.398002075528581,97.07111032005466,1.9628583870493463e-10,11.645065382238187,0.9080919580072763,3.3290555688971275e-06,-109.55357650088504
324,2511.8297081545074,-3986.891938538422,4712.175273941984,5.274591486799115,94.12318425672251,3.8697381082861916e-10,-12.827044933412457,0.6906934699871988,5.94947143793958e-05,-84.51043217567931
325,3758.301479339015,1226.690583671942,3953.428865892396,0.31549305628355984,99.80185398785109,1.0466816279619265e-10,8.938836398447446,0.45653408400353723,1.6689321749461073e-06,-115.5512210475196
326,-3996.53558653332,2432.1750164551927,4678.436919003616,2.594894888059392,99.37973199374333,1.15352444044978e-10,4.389405544059453,0.5876021066621732,3.807382130443742e-06,-108.38746837353433
327,3265.3356102716275,-1512.258752150474,3598.5195818785937,5.849470344750898,91.58577462272966,6.941007884439372e-10,-7.310031788186936,1.373596807316621,8.395994221045691e-05,-81.51855727682694
328,-2312.3598329773145,-3665.9793018013042,4334.329502749238,4.149657048090803,100.00268231176865,9.993825655818028e-11,-7.303286669958803,1.046139598602632,2.4244869971806935e-05,-92.30760245607235
329,-4837.461983981592,-778.7544082005525,4899.744572399557,3.3012072928741993,99.0544212144768,1.2432483128698674e-10,6.403662399968336,1.0493173998818635,5.5976107340402025e-06,-105.03994457403076
330,1527.5046834494565,1881.8600745954375,2423.7714203935093,0.8889622078738183,89.51005099405161,1.1194247393125621e-09,-3.065424391277707,0.11037163658030004,5.2556465687565585e-06,-105.58747530456691
331,2650.676645478134,-3768.925737233236,4607.698763120513,5.325324711244088,96.98231676573496,2.0034030168505053e-10,1.000384907632068,0.31070179268942505,3.9193015150371725e-06,-108.13582427603203
332,-2883.63006563005,3590.8626979850615,4605.390023785838,2.2473921905773575,101.8994355433671,6.457381507771361e-11,-2.1248391025043785,0.34409037131310166,3.5313657281468945e-06,-109.0411435828056
333,4523.118032071101,326.4742864822426,4534.885025199739,0.07205407712194335,93.04815329371294,4.956609108520496e-10,-14.25426632288658,2.51259965800083,0.00028868814358441676,-70.79142101426557
334,908.5434794161469,-530.1760792966284,1051.9210659778344,5.7549528845887075,80.3020565490196,9.328124741235413e-09,-6.785038469225845,1.4081524878592984,0.0002970289519239348,-70.54402431451437
335,1077.6755971706716,-3106.4046551388765,3288.0289801347017,5.046317780571729,93.4355165749739,4.533653686728006e-10,-1.01625677404752,0.8442376151845503,2.0206993803409564e-05,-93.88996540445105
336,-4948.099173309332,241.97989437628715,4954.012484661989,3.0927279766956497,92.94475186929188,5.0760373973755e-10,10.382808739802577,0.46866826625082353,3.1951225312554666e-06,-109.91024692597718
337,1320.558634576836,-2166.655388702121,2537.3747615887128,5.259758509642852,93.4378773787822,4.5311898842174165e-10,6.335844218069044,0.11079745003686617,1.1372178963205492e-06,-118.88311865146517
338,-4503.1523033782805,1430.4141453135053,4724.877278251159,2.8340253312244204,96.5618079874226,2.2070857220448156e-10,0.0783691159057734,1.35694899541882,1.997812235762994e-05,-93.9889061917741
339,-195.18240031236454,2887.179322787026,2893.769274030092,1.6382967662587011,95.54607034264329,2.788643295159723e-10,1.9858779826983954,1.5041477900600153,1.9984491107213694e-05,-93.98613769147244
340,-172.49417001101048,3358.4580043432343,3362.8848338331372,1.6221123568178524,92.61863203201509,5.471882925505062e-10,-0.4458077265370993,0.5905073610886917,1.4540659360999703e-05,-96.74831739275027
341,-1763.2952927105034,4664.378764476673,4986.54585337345,1.9322245725834948,102.21243547555734,6.008367003936562e-11,-5.639510604826984,1.3591418689650503,2.0165943579227127e-05,-93.90762861377851
342,3703.4819451195685,1520.9112578040542,4003.6170611013404,0.38967121491043544,98.41342070146803,1.4409799228999626e-10,-2.6556257405386,1.6189204808265514,2.6383704201591548e-05,-91.57328428526262
343,1079.168166401596,3214.6831080986462,3390.9867910195926,1.2469175532633887,87.08160272110351,1.958121914502283e-09,8.529090023192197,1.7320824822570093,2.871004889878158e-05,-90.83932105376431
344,-1000.1910697837258,-2240.752194048626,2453.844447231496,4.292562881311242,84.83186488187022,3.287104506818184e-09,10.205793316207744,1.8171618536875618,3.217441813195541e-05,-89.8497856996999
345,-4148.159156271205,-832.1003471174847,4230.79370490097,3.33956034700468,92.92345289873262,5.100992795271374e-10,11.916636014758398,0.06494460035599438,3.7199628520293175e-07,-128.58920459083993
346,596.0117998965993,-434.44671806575,737.5459419277454,5.653310490551565,85.27234227891422,2.970063756249961e-09,11.237212301172972,0.8838729446782542,1.3210282692216211e-05,-97.5817571153232
347,-972.507435161346,-1662.2435995326925,1925.8308585209404,4.18302936355312,90.48468319162588,8.943997740701616e-10,3.4345593597464243,0.7842198051021528,1.579340158314019e-05,-96.03048588129354
348,-3790.1050451228125,1263.6342326494278,3995.2055925808004,2.8197789635258173,97.14790712092504,1.9284540174966077e-10,-2.6548520613677686,1.2781846481440549,2.409577194210989e-05,-92.36118275757372
349,-4448.567729470495,482.93170061793893,4474.7042216383425,3.033457201992461,95.80878737235618,2.6249513743059885e-10,-10.075707991896913,0.38838776353428117,2.007296695454169e-05,-93.947768174582
350,3893.45328226905,-1487.5897209428645,4167.961328883283,5.918226693597102,90.79471582716056,8.32776415440243e-10,3.0364592009992797,1.7315725612397208,3.5227509759413304e-05,-89.06236087560025
351,522.0355321347786,-2812.322091937896,2860.363026892423,4.895924392574586,91.27240772097971,7.460350432215509e-10,-7.182438538581422,0.21818109889458318,1.36244401567907e-05,-97.31362604891561
352,-1116.6875752490087,1033.0462952618755,1521.2415287750318,2.395082611974808,91.42164699845364,7.208340615413802e-10,-11.908132056132803,1.3885507039375726,0.00014685407288103535,-76.66228002408847
353,-2442.834675220098,1359.7253296838094,2795.763620666351,2.63368277922208,96.54083925617378,2.2177678039065144e-10,6.2868979114500965,1.187076301207592,8.572189762218177e-06,-101.33816345802443
354,-4987.997757091295,-188.57753542820288,4991.561189809854,3.179380915759108,101.35067049993388,7.32711402327113e-11,2.6489860639008205,0.0635480409741085,4.0097688593150745e-07,-127.93759156419219
355,-1951.2892316639272,-682.3196445948262,2067.145317341674,3.4779790906420507,93.13307662516854,4.86062747549195e-10,4.150296161341853,0.9186778496954509,1.2560143633484768e-05,-98.02010719101679
356,-3800.800981856279,-455.2063018702246,3827.9630197981305,3.260790783842066,98.64128356690745,1.36732465005918e-10,2.30794770874315,0.5937217126756992,5.322569828332373e-06,-105.4775710124504
357,-3058.7573129359685,3740.063227595025,4831.57006011998,2.256318487953357,92.16294523189414,6.077227253959559e-10,-0.5289470286167819,1.1721836438545097,3.0711126505978407e-05,-90.2540847778557
358,-629.9182244211821,308.99662588881324,701.6237483641827,2.6855460718602724,75.35835617612132,2.911819045936454e-08,-8.816574374050248,0.21715236497954743,0.00010225286222616057,-79.8064904456961
359,-3903.926692619168,-2291.546493318497,4526.790137877471,3.6723873474852535,98.44307362203952,1.4311746589187386e-10,-10.92684888753716,1.6066952187585268,6.762733361715713e-05,-83.39755458000768
360,-228.11573783082014,-2935.4019427883663,2944.2522574622944,4.634832928037286,97.62521023116827,1.7277423427694425e-10,-8.930777684180246,1.5001416138487125,5.5132873865853824e-05,-85.17178721886233
361,51.28317221779859,-842.1680176043745,843.7279974188378,4.773208109075913,79.97297431226427,1.0062422970047952e-08,7.784653812396655,0.8931705404375924,3.656393969686886e-05,-88.738940082245
362,-2143.0855816495687,791.8518993100221,2284.6980633587364,2.7876600801816793,90.70689042479222,8.497887112049461e-10,5.829219812830727,0.7769137910324373,1.1576234582768523e-05,-98.72865287334476
363,-1696.5476116117916,-2558.828170144172,3070.158856279109,4.126917046142082,98.25559555916259,1.4943091098742138e-10,9.544251240351475,0.5225120625174104,2.1286486363141866e-06,-113.43791630187837
364,3569.439965513329,-1276.6624096662526,3790.879657237702,5.939698698180729,94.13529914000063,3.858958303556271e-10,-16.367859837084126,0.6374857833621452,8.243251282385104e-05,-81.6780291182102
365,-2950.2866492700023,-3972.602390471114,4948.308909681936,4.073603058486537,94.54759244454178,3.509463707129582e-10,0.2635827949569921,0.2962694029135768,5.384285005413123e-06,-105.37743758164848
366,-1819.179333058887,-3786.895979455197,4201.189665445077,4.264553719670894,97.79848318429607,1.6601666355328713e-10,10.257613919561779,1.3838222274306233,5.4736301232581025e-06,-105.23448947476743
367,98.0779835342994,-301.92940449283134,317.4596921682343,5.026473868602216,70.54588744820121,8.81883577428692e-08,3.607980718627433,0.10274974026889763,2.0141291938431575e-05,-93.91825308080882
368,-738.0723620443229,-1540.1002653177472,1707.8230701233315,4.265489666478739,85.88559343425018,2.5789365459866776e-09,-5.040374451719719,1.9231467467593357,0.00017448233938814178,-75.1649704411549
369,-3543.9848876287833,1613.0278261953085,3893.801182883066,2.7144681964137374,93.90469010538347,4.0694057037265086e-10,8.61911352399659,0.8283414699624793,6.1946849359170405e-06,-104.15961414009479
370,1464.4765799955046,-3871.079568959914,4138.834217817162,5.0740603195402905,95.75105755934008,2.660077220100808e-10,-8.16146703689299,0.5794974440417002,2.4186442749104796e-05,-92.32855966763569
371,2723.4534507356843,-2366.6472896022437,3608.0767857275086,5.56777072152198,99.83215105899583,1.0394052212840373e-10,8.337808082697753,1.5783264543304094,6.161676293264795e-06,-104.20602101627365
372,-3452.152613341668,2467.1175952299054,4243.115234647145,2.5210949501599202,90.11476793049053,9.739198262978747e-10,-0.005543577580708001,0.8522093277361352,2.6612462700821348e-05,-91.4982983585454
373,252.41815439190202,-3795.3129675701293,3803.6976018701325,4.77879904136937,97.43779745883185,1.8039323801531556e-10,0.6250696384397773,0.34277998038613333,4.284223259705977e-06,-107.36255607798157
374,-4096.818883399696,-1751.0780625909717,4455.356253395196,3.5455145234456795,98.85112031782806,1.3028306533703285e-10,1.6639875040896743,0.9534051504233153,8.985083193354298e-06,-100.92955698092125
375,-4449.531008213973,-2211.9651568630497,4969.015601528519,3.6029361867580154,96.52630867343012,2.2252004170097528e-10,-10.191405003336278,0.2939279114641552,1.4174104986828042e-05,-96.97008648253777
376,202.71398972099834,-18.64990545153539,203.57008768961177,6.191442491276527,68.29317424566389,1.4814349129062363e-07,6.3875441080502595,0.9877485545931689,0.00018222605998844757,-74.78779024933426
377,-2233.5605149530015,-4083.1477428101307,4654.12591831942,4.21183711452893,97.77870080049713,1.6677460470669517e-10,-17.748061316156953,0.7422625004699737,7.396487814196036e-05,-82.61948896092841
378,-1503.6886944178923,-3241.118382563509,3572.943892578119,4.278002135464719,92.39647956636398,5.759065836988213e-10,-11.243833854112312,1.9465869477804079,0.00017046747228095004,-75.36716952078595
379,2562.728438440815,1127.7802530439635,2799.904524863161,0.41456563331800594,91.81187252819487,6.588897434313616e-10,-11.669384690129327,0.19247959055178684,1.8934781340989347e-05,-94.45479365628223
380,2402.4448593690627,-389.51203815234777,2433.8161249721456,6.122452423160811,93.77543545101842,4.192339595382333e-10,-0.2742256258412734,0.5794625366111823,1.2245171498174473e-05,-98.24070185149152
381,-1886.9541457578064,-1058.3178575990573,2163.476978362754,3.65273572941447,94.12910400942629,3.8644669643723924e-10,4.805878896420796,0.7952110217444311,8.989452573820987e-06,-100.92533412325898
382,2523.154968154768,-2439.745966505451,3509.796486180318,5.514592063099376,95.7022930607845,2.6901140573842696e-10,-9.306503946001996,0.12280384710330187,5.88061187428665e-06,-104.61154819259161
383,-255.41587800323077,-2040.385335310376,2056.3097012088906,4.587856545843959,94.87555301494577,3.254203430056605e-10,5.872096614835755,0.6330945742969025,5.8087958047030405e-06,-104.71827630294112
384,3640.2997524753814,-1719.6475606245444,4026.0365150646944,5.841867221043336,90.5295677481398,8.85203709478675e-10,1.0336707297115808,1.0933033091780124,2.887877311427425e-05,-90.78842492475289
385,2274.7127453581616,-3120.2973026365325,3861.4211542818903,5.342317419345046,99.94159671541897,1.0135386823196094e-10,-1.6156687950863655,0.7381372768753575,8.950364915189938e-06,-100.96318418373906
386,-3523.732591389145,2520.940183027068,4332.647087176453,2.5205941013873554,98.56453623838847,1.3917023999307066e-10,-13.509069532012063,1.4704100293601459,8.216088733199277e-05,-81.70669747497386
387,-3186.1712883192117,1146.8911699876112,3386.3028267278837,2.7960733308346635,97.24477033648077,1.8859186979675363e-10,17.841916384802207,0.5544847041247262,9.762369338678794e-07,-120.208886417724
388,-48.873065750476314,-2586.9505902635897,2587.412207790051,4.693499074758108,87.66292693719389,1.7128025713809398e-09,3.528234080569202,1.291969214781651,3.5620016349400466e-05,-88.9661174668283
389,-1386.0388966622247,106.92658796346991,1390.1572278969552,3.064599705699486,89.96901337158829,1.0071604491589118e-09,-8.240057645538052,0.4566142631321888,3.74198193891293e-05,-88.5379660278999
390,-2553.83174689454,2905.7378926284405,3868.5099576068287,2.2918267783538897,97.8242112261327,1.6503607157424467e-10,-5.556949053494198,0.5693610043108238,1.3868344146645389e-05,-97.15950716866836
391,-2563.1436330388983,-842.7197148210618,2698.125608887758,3.4592429179070674,93.05245677626111,4.951699970425171e-10,3.0425432319700545,1.0675775055364702,1.6735913170075338e-05,-95.52701120161758
392,1290.8097723284543,-3986.6932739648514,4190.455002623847,5.025516632587329,100.0448810582526,9.897189692771974e-11,0.6293172771577754,1.4384262037902935,1.330998816252386e-05,-97.51644596287014
393,2381.5141236220925,746.4896662062823,2495.767686056591,0.3037516684422996,95.24407577292985,2.989457769208071e-10,-13.302663748239937,0.2071949224964414,1.6569465807651494e-05,-95.61382933218111
394,921.418293240578,-285.99028468315544,964.780863228294,5.982232520668826,88.06655730928858,1.5607892639996378e-09,1.0756283459137277,0.46287914612818054,1.6156910989571772e-05,-95.8328328143489
395,1369.0382498845472,2.135011081774419,1369.0399146552534,0.0015594957636520588,87.79107622198084,1.663000492367656e-09,-3.237992267637315,1.347436263497386,7.977265262872593e-05,-81.96291921898685
396,1855.1368457069145,4444.78196127415,4816.390702545577,1.1754025798977754,101.23598911904212,7.523173680653771e-11,2.1181921747453694,0.587572197027706,3.993486060108784e-06,-107.97295436902712
397,-3475.280621978708,810.6839242211946,3568.582887714869,2.912419361622687,87.96459447230518,1.597866724819712e-09,20.41375258446074,1.620096514411686,6.174809089889707e-06,-104.18752789717567
398,-446.49052151819103,-3316.1256787437956,3346.048909240507,4.578551645749424,87.41098291084545,1.815104815251811e-09,3.5849724662042814,1.15232540691764,3.2492069134833465e-05,-89.7644523600537
399,3473.77063467768,-2512.2075570590237,4286.988363885939,5.657062385270386,91.51516992220425,7.054772409845286e-10,-4.437566450979009,0.6900127136582525,3.054758762447875e-05,-90.3004613309592
400,-357.41952379763705,-1821.0827979565975,1855.8263046430716,4.518584842998528,86.6185327908615,2.178445608426261e-09,2.4673065982297846,0.8436557555412462,2.9639665919274264e-05,-90.56253362244664
401,2171.6155225077882,1897.4963362055869,2883.8180115101577,0.718133940673298,95.07266590000889,3.1098068081137735e-10,-3.694006929240157,0.8132001269774167,2.1941407799828725e-05,-93.17470981931989
402,812.4217849992507,4169.211004791773,4247.628698370208,1.3783457687449217,98.03421792965452,1.572454932061149e-10,11.636906205543436,0.2601313958904112,8.543514574870314e-07,-121.367258540241
403,-1078.00497032019,3674.3203767676473,3829.1937724754775,1.8561769497504854,92.2343635280067,5.978106492684944e-10,-3.7382775239707557,0.8880549891625051,3.339147152215939e-05,-89.52728857360121
404,-1793.9303165254505,-2958.1321474321385,3459.5854928330036,4.167247474389153,89.0326238226357,1.2495039049919706e-09,9.988817911271115,0.3030351024427094,3.391726711919014e-06,-109.391580404
405,3077.447833735842,3417.037246280124,4598.5681153845135,0.8376394760582092,89.3003186016452,1.1748113667470631e-09,3.6526259733197812,1.015182815318784,2.2850569522852326e-05,-92.82205904375714
406,-3334.8836325861707,-1709.0248870733285,3747.2943449277022,3.615165727860273,92.07780696904437,6.197539495323081e-10,8.626557080563034,0.43249356117011867,3.988057797195353e-06,-107.9847689474822
407,-3714.2615833205055,-2429.0316680724986,4438.010134489286,3.720756695653247,96.81085043789932,2.0840827368821175e-10,5.489643846855343,0.770152696784049,5.909518903995932e-06,-104.56895600509783
408,-286.45185028730947,1065.4835997794446,1103.3177076128104,1.8334330005498978,77.36425691314876,1.8347390679160408e-08,-3.417947126344408,1.55963228763589,0.00031311705821653084,-70.08586541088236
409,-1016.8035266063307,3421.9462273058266,3569.8186780691885,1.8596289322465036,87.5853079037584,1.7436897299098452e-09,0.16212764645665914,1.208863060457732,4.954562707360563e-05,-86.09989323619857
410,-4789.455653899615,1189.6488071683211,4934.992375380939,2.898130660565199,95.31623362550161,2.940198403621633e-10,1.9367009785354075,0.8866371387228147,1.2164637970710134e-05,-98.29801551576489
411,4138.423020421204,-2623.9564875568044,4900.172725990748,5.718106412221977,95.01146013419513,3.153944062855306e-10,5.199831339109586,0.6661818261597815,6.501719170549745e-06,-103.73943452331686
412,3104.6236452330418,-2257.265516493648,3838.48089619988,5.654524408964007,92.04224395968654,6.248497552258114e-10,1.059183862518091,0.4230745309592479,9.361501053873816e-06,-100.57308926162119
413,-1886.2187955180264,481.30287958165565,1946.6570849687594,2.8917558355921864,90.5537718991838,8.802840037891306e-10,3.2814237114802602,0.4952703981556776,1.0071231777419703e-05,-99.9383473204825
414,1352.2947902473818,-1894.962241364236,2327.9998058261044,5.332201655074209,95.5559031096776,2.782336730417679e-10,-4.812149125825918,1.2547574950524485,3.642269686486509e-05,-88.77255777464983
415,-145.80114357723986,-2017.0957422487343,2022.358328008764,4.640231766021886,87.49132940794264,1.7818332514528766e-09,6.781097765942785,1.4717276983886278,2.845811334786101e-05,-90.91587759835127
416,963.3752669519778,2446.954526935664,2629.767739148409,1.1957294746851606,85.60590403303169,2.7504870004505843e-09,-0.7937657896475102,0.7482973262031128,4.299988372809222e-05,-87.33065417306901
417,-881.8847918173338,-4262.302512754326,4352.578947735531,4.508364453866337,101.34510321833459,7.336512775947088e-11,-0.5878700435488049,0.6270140228938192,5.746661218140203e-06,-104.81168658841719
418,1974.0513118299205,4531.295092957653,4942.622158449858,1.1599410981602827,95.3281643290789,2.9321323336860694e-10,-6.621673071448518,0.7835122242030254,2.8755519218063992e-05,-90.82557542288595
419,-3967.7514847094376,2846.456520487777,4883.171773288477,2.5192854382223775,92.21854822087552,5.999916106296599e-10,-3.642481376088933,0.5929576194031462,2.2091251085534928e-05,-93.11559337073027
420,4468.400856852351,-467.11800542669175,4492.7503211855255,6.179025563336913,89.34465186388215,1.1628797652250478e-09,3.5324634597619204,1.2924761635478836,2.9347207056749156e-05,-90.64866418013145
421,4372.041979720317,-770.1246005095076,4439.351638780901,6.108826381510109,92.14296395358535,6.105252141685065e-10,-0.1887513041317492,2.0133851548108663,5.0841251162529776e-05,-85.87567523608979
422,-1126.5279710968807,1823.0656618866833,2143.043088044192,2.1242958348192786,85.26348954229002,2.976124162210249e-09,7.916753112272865,0.8513635610741809,1.866822065038466e-05,-94.57794102635312
423,-4438.388889975365,1308.8103004245559,4627.34052573983,2.8548359313659786,94.67101762473071,3.4111297377230793e-10,8.326909818005193,0.5090339626967221,3.6045444648561965e-06,-108.8629898452462
424,-2282.6629477849133,3672.9961917409037,4324.5174479626385,2.126854366289164,89.71536719110995,1.067734512967982e-09,-2.0513340646266975,0.9871572590641645,4.0849306427540183e-05,-87.77630604478425
425,-2026.5643269513957,-4072.066730085878,4548.48221119356,4.250603392524673,101.58182669876251,6.947320428429572e-11,1.6378013078734848,1.0362463074717936,7.152890812570004e-06,-102.91036687212741
426,-692.4441372118845,2506.4572778917895,2600.347470830741,1.8403373712197146,90.53619463379812,8.838540099725109e-10,2.2947689462842256,0.6301080711035798,1.4383575706632051e-05,-96.8426621249518
427,4384.158852847014,2239.3403996894676,4922.9558471185,0.4722343240430476,100.2258995591631,9.493143462623497e-11,5.45937757635707,0.9287707137076564,4.826637200907799e-06,-106.32710508324163
428,-3013.2038126338907,-805.6386499062057,3119.0464649783767,3.4028510571537387,90.5049778167701,8.90229985184264e-10,5.566999928913773,2.1207870578364436,3.33348248181562e-05,-89.54203619634582
429,-3360.3497833719994,-2473.6584338793677,4172.641455254785,3.7761585065191956,99.72404622461563,1.0656028602357384e-10,-2.64116187549961,0.8702363218588525,1.2175673353825927e-05,-98.29013951802014
430,-2148.6655519073965,1850.2959246165983,2835.5526203204745,2.4306682766198646,97.71400155550242,1.6927773698002963e-10,-4.1160646815470185,0.6643467867078262,1.3883469005659897e-05,-97.1500394730616
431,4058.603673374846,1398.4952507321889,4292.790787337799,0.33183412233335885,88.70175283752829,1.3484185432638263e-09,4.742541700610923,1.078000078591581,2.293000057423696e-05,-92.7919183090799
432,-875.7774494067003,1013.198186033114,1339.2373594961045,2.2835736088377327,86.53027178975849,2.223170756037557e-09,-6.520734595909117,0.4715026255715279,4.709851950884238e-05,-86.53985470028303
433,1685.8657387248966,351.0483368828437,1722.0273586196743,0.20529664448383422,86.71415943320301,2.131002978265741e-09,-1.054266767398764,1.8558385739759604,9.672652021392557e-05,-80.28908862843963
434,274.5816055145425,895.5035077671077,936.6544669781586,1.2732748897542319,86.49702590472805,2.240254763918105e-09,5.708936800884655,0.45982042890780755,1.1279507229135274e-05,-98.95419669150141
435,-154.68098061681744,-1408.6278295886532,1417.09511609356,4.6030174955568315,89.42038221336637,1.1427777569163474e-09,-4.714800449369398,1.3326200194701248,7.752240634512551e-05,-82.21145498734224
436,-4081.7328321215796,-2828.937293029244,4966.228863102352,3.7476542273494737,102.03221192875684,6.262948018284927e-11,-7.639860951981555,1.5535688867005706,2.962872521329317e-05,-90.56574038277103
437,-1464.0703873651469,248.0029511197384,1484.926787058416,2.9737927211120416,92.3044147790762,5.882453761008501e-10,18.81198588562608,0.7202719579700881,2.002979358207057e-06,-113.9664661900058
438,1914.017886040644,-1950.635922129426,2732.845580852532,5.488312313141001,87.42494495224439,1.809278843105273e-09,-1.8075920608863598,1.6440851123161797,8.611060729889004e-05,-81.29886685667049
439,-990.8708083836232,-4596.80429617518,4702.38606414248,4.500081018130829,98.30351521646124,1.4779116696455135e-10,7.2225614916372844,0.9912639072886883,5.246690644263968e-06,-105.60228918346147
440,-2214.8022789011698,-3233.6839015213136,3919.44647999994,4.111858312461098,94.36858695138231,3.6571376325293446e-10,-18.39728560751785,1.2301588392031735,0.0001956122841609517,-74.17207746846665
441,-775.2832374066534,1427.9583163210755,1624.8473932509053,2.0681963041650917,85.20279738827243,3.0180071280353284e-09,-11.643237225824842,0.7311375188127065,0.00015346914106458202,-76.27957869406723
442,1383.6274794026363,-1790.7500566297924,2263.009228235205,5.37023075623411,95.36303882895268,2.908681154455151e-10,12.351834087978814,1.0697809460702346,4.400998418887725e-06,-107.12897377563439
443,-1576.0896550187595,-2787.366262372078,3202.1038835845475,4.197768626038634,97.75492152956058,1.6769026345673185e-10,4.24398251916536,1.5297104726358122,1.2152455445814858e-05,-98.30671853508474
444,4235.956430258557,-822.1349820607954,4315.000904724925,6.091483804134909,97.75268412023554,1.6777667680931535e-10,5.473782885377808,1.4868862613879408,1.0255442367900544e-05,-99.78091118554106
445,-2866.914056026422,3018.6166001289275,4163.080876372184,2.3304246878645323,93.406585939566,4.5639555502768806e-10,-2.131975852681317,2.3788556735573994,6.495873959292049e-05,-83.74724807399747
446,438.7793954070449,288.59131210173814,525.1783537564878,0.5817789051948674,79.5894173163297,1.0991533006008132e-08,10.31397088216259,1.7277988486881053,5.524891713204878e-05,-85.1535244357101
447,-4441.200422856666,2036.8380140559232,4885.997369164816,2.711590768941329,91.9838134711274,6.333133645885104e-10,0.08299835450068704,1.5920229266622083,3.9683386458589264e-05,-88.0278252526451
448,-1853.8004844116058,2464.0393427288946,3083.515221061921,2.215794682491766,96.24573688766684,2.373702631387497e-10,-7.867169005390227,0.6989292484166577,2.6638196661928297e-05,-91.4899032566704
449,1000.4556097726394,-3434.378368294118,3577.13100175715,4.995850823941605,92.92773223555874,5.095968988572962e-10,5.962178436671068,1.0832058017778825,1.2308792312914423e-05,-98.19569041697024
450,2539.8820875394536,-973.0956125552269,2719.9110444604626,5.917309317253096,87.51919274046958,1.7704380138773067e-09,-6.125902630728275,0.41001278075997344,3.492471647355404e-05,-89.1373419692278
451,1201.0896834135742,833.8774316764934,1462.179195126885,0.6068682225878423,92.1466095455287,6.100129369033963e-10,-7.570366946301885,0.6451090133695084,3.809087769744825e-05,-88.3835801744779
452,2548.408603232721,1072.4373395510784,2764.870386888677,0.3983301734538075,92.58068569582774,5.519902801458015e-10,-0.5223851366555073,0.7661997147008504,1.911731772048902e-05,-94.37146038612792
453,-4082.990759584988,-1311.2825766305818,4288.388454726476,3.4523451096557323,98.26337416982928,1.491635061280638e-10,-9.098583982803333,0.7762536904366895,2.702490453839957e-05,-91.36471630769546
454,-1541.112876330485,49.70361142907149,1541.9141826251919,3.1093520634084983,90.39349038554577,9.133788720526641e-10,0.23632253479478507,1.3887256087388868,4.084376776426293e-05,-87.77748382435347
455,-1074.1777230527482,-2491.267961262245,2712.9824613355927,4.305297919861096,86.19774953709954,2.4000762881321274e-09,-0.06502275468158789,0.28721086710762583,1.4176353331136645e-05,-96.9687088068066
456,-1852.7311665005948,1105.3328467324643,2157.399702741323,2.603679517872993,84.91632259148253,3.2237974011785235e-09,-2.4150268586261903,1.3882889646629804,0.00010409145636383084,-79.65169821900791
457,-520.2838143419528,-3371.2021309557804,3411.1140489914737,4.559265234161485,90.10915146977032,9.75180151076696e-10,-8.212457940021359,1.381204672809511,0.00011102565972483043,-79.09153267233246
458,2478.174360263322,-4215.551516617102,4890.0125510185835,5.2438377536120395,98.4767555737299,1.4201180342807338e-10,12.240348501636639,0.7427942464929876,2.1627848929663372e-06,-113.29972943651357
459,407.5804830045477,-308.469265656106,511.1507976914814,5.635327108895429,74.42884317277957,3.606747028995856e-08,-4.17347471865342,0.14554127652731103,4.46907617308196e-05,-86.99564466469864
460,-1473.6686044062037,187.44618990287307,1485.5420659549268,3.015075070939563,90.2513878054512,9.437592460392212e-10,0.5171659037565949,1.4782115512630518,4.2786711249017236e-05,-87.37382167250254
461,3634.4234821078653,-3374.910466493039,4959.7434111193015,5.5347941600467445,95.71181662099842,2.6842214212625594e-10,-8.483788877166946,0.9194838866926914,4.000762176844117e-05,-87.95714506800638
462,914.9145465491109,-529.3020405537287,1056.9906705461058,5.758705028776631,77.93306930220615,1.6095077409772128e-08,3.3704505198655266,0.5558557248336995,4.783944049992849e-05,-86.40427798294937
463,-1533.227973397569,-4024.198250649039,4306.385906875463,4.348366608942149,100.60331994659116,8.702980397854775e-11,-15.062777740584565,1.2853995098610724,6.792208667673517e-05,-83.35977947867661
464,-2317.1478313203816,-1007.2617899064094,2526.6084749320007,3.5516496555626036,85.08847411548734,3.0985077621652505e-09,13.073561184703593,0.6645424855310913,8.211471435331277e-06,-101.71157921278107
465,764.2866018018944,2088.904509263894,2224.332722080246,1.220045898382253,85.70963287512942,2.6855714571549335e-09,-16.126286461280188,0.7611589430515906,0.00025252712461264345,-71.95383929180495
466,4693.785012997191,-1221.7894158355248,4850.1945450553585,6.0285368283195835,95.87029580112632,2.5880366360946955e-10,-3.3340891920764815,1.145306428955814,2.704651841312076e-05,-91.3577723168298
467,2279.2761394380877,3255.7796711629103,3974.3176756481685,0.9600228759778245,94.9218232960856,3.2197167756086804e-10,1.1681517488465194,0.557404474443532,8.743225877580011e-06,-101.1665650395691
468,4170.1330039231225,596.5371046413103,4212.584217273611,0.1420859504335836,91.32786930661244,7.365683768837731e-10,2.0102590233194966,0.4242940636040522,9.136093572497009e-06,-100.7847882693091
469,3885.5449219900083,1613.2466648334766,4207.139662811145,0.39353383116396307,96.22661880796178,2.3841749421786314e-10,-1.2633956110585998,0.23777350257342367,4.2462180826864705e-06,-107.4399520453823
470,-1386.247846051176,503.01800017755755,1474.6898654239658,2.7935048965282356,87.41179183112368,1.814766763901671e-09,3.5664111877493436,0.6964455536945093,1.9677821609463994e-05,-94.12045917603122
471,1805.9200768887945,-3063.7924011022833,3556.4267462106013,5.245007173627405,99.05108264598572,1.2442044073186585e-10,2.582155726512159,0.3939922179523218,3.264568044606126e-06,-109.72348283542011
472,646.0172092925227,-1145.5636185440496,1315.1631985551587,5.225863748402674,80.31964078013189,9.290432279552426e-09,6.611767096607405,0.9946506389644855,4.478165833250468e-05,-86.97799636359933
473,2476.0686243104246,2573.877809337996,3571.521077873835,0.804764102931092,91.13881804253664,7.693397920557232e-10,0.930770290016667,1.0203234825190521,2.5424853861090444e-05,-91.89483035174837
474,-2384.7470589014183,-3321.1157246551916,4088.621796093513,4.089647405792535,89.75097499925363,1.0590159474219682e-09,0.919263421249347,0.5774951465538193,1.69058268891422e-05,-95.43927113401003
475,4160.069863528185,555.0008892105005,4196.928312046783,0.1326282687246214,96.18209542744609,2.4087429538798997e-10,5.3443366995270445,1.2666673322789415,1.062529419629003e-05,-99.47317990726795
476,137.46062417079267,-3551.15302841144,3553.8124956718198,4.75107839458229,91.0316703479813,7.885567710193099e-10,3.824649045058058,0.691823771229121,1.2507759175572415e-05,-98.05640909067363
477,-1248.318264942292,1427.4063803096337,1896.2561707578395,2.289363469015845,93.83191633348983,4.138170368944912e-10,5.779685823351783,0.9570364001268052,1.000802423367563e-05,-99.99303216614831
478,-2323.069975637492,-3810.082075356428,4462.440983661378,4.164855597305156,89.65723801838415,1.08212192934219e-09,-1.9668401954254946,0.7666565278273838,3.16286712187225e-05,-89.99838079032023
479,-170.77621460881693,-1473.3435497100975,1483.207918987917,4.59699327881802,84.41330710775786,3.6196725910328007e-09,-10.492634622776166,1.0094205748162421,0.00020325373192092063,-73.83922938975095
480,4227.375223711336,-1971.2918189199459,4664.407005975055,5.846846314395521,100.39728874005654,9.125803769765222e-11,-6.478519395914235,1.440206062106493,2.900588811401271e-05,-90.75027635232188
481,3697.376076465776,2384.731983993653,4399.72004635565,0.5728378106716412,98.84791274839071,1.303793240636049e-10,5.530763726101507,0.36829057445053276,2.224624831248578e-06,-113.05486048547216
482,-849.4223375336671,2604.507877811316,2739.5217818229453,1.8860548546592544,87.8471181136558,1.6416787951664606e-09,-10.147337990667403,0.7466684588830558,9.73058162086132e-05,-80.23722391280721
483,3439.0869891394377,1436.6006948656586,3727.082085942924,0.39569455687488575,95.38758044152264,2.8922907979947475e-10,15.986838538533672,1.0541551806020557,2.8456638603890442e-06,-110.91632497930162
484,-1964.7148471219446,3756.7752793200716,4239.512345755324,2.0526577454772323,97.26640027144826,1.8765492755190468e-10,-9.325843590722174,0.2711570830353253,1.0869088359003606e-05,-99.2761368145514
485,3584.4482799850857,-655.5668264639419,3643.9041337345916,6.102292572025827,94.31282974470417,3.704392749764141e-10,1.665962084175513,1.7626774699337355,2.8004850724248017e-05,-91.05533444848639
486,1484.2577663952277,-809.7110875246073,1690.7552047427896,5.7837783844959185,85.02719663334753,3.1425365435976666e-09,2.5062758916651187,1.0012379060526426,4.205945656574581e-05,-87.52272665283346
487,-704.5113548606228,-4068.873502436831,4129.414949839761,4.540942265917087,100.99211159214641,7.957723422312054e-11,8.476376082154827,0.46411731431838643,1.560283036193763e-06,-116.13592669799993
488,1402.9865692344279,-3444.721198055577,3719.4724687495186,5.099160531983039,95.54910209142726,2.786697261768605e-10,0.18228790205305476,0.5049426672719001,8.254154052426798e-06,-101.66654754517667
489,-4210.434846416985,561.8964577479028,4247.762849448173,3.0089232442528875,88.74124486288588,1.3362124493473762e-09,1.6156029530473135,0.8383357946818902,2.5443427732309763e-05,-91.88848727935293
490,-646.5929914035978,623.520078269386,898.2537417329885,2.3743585230891777,77.14361286736755,1.930361793540818e-08,1.3726279203955658,1.024439839321517,0.00012152745971810355,-78.30651152924459
491,3410.3924615624233,3619.73605014726,4973.255052238674,0.8151674263429428,94.99040954348483,3.169268584159366e-10,4.281996468637009,0.6631236420078463,7.210646605394852e-06,-102.84051457019082
492,-3743.2253515219345,2235.9578910613627,4360.188496255189,2.603135336075261,92.20263168907293,6.021945643703776e-10,-4.684301502426423,1.210686090195776,5.094658092781317e-05,-85.8576989611924
493,2671.589492798289,-2097.670216635485,3396.7058683067894,5.617548452552496,91.33442785909223,7.354568784125827e-10,-0.3072712467217911,0.8781262205472843,2.4671702220762053e-05,-92.15601735568958
494,-1962.38720388241,1371.5790425082084,2394.199784439293,2.5315825164706562,88.61984355703689,1.3740914720885054e-09,-0.4428916816481563,1.8386992438768792,7.172376909130407e-05,-82.88673780472456
495,-1488.4864342041622,-3952.496460319007,4223.484359346451,4.352221567480763,94.52105426369734,3.530974438573119e-10,21.85871270717368,1.0497073226460516,1.5925016033532204e-06,-115.95839698053025
496,-4898.5649347922035,-864.3109752214777,4974.23078297178,3.316236807103139,102.32595092702803,5.853355577763974e-11,5.8686152262956846,1.2130296607218878,4.722186253289848e-06,-106.51713590864398
497,-2722.389234941769,-112.66261313146023,2724.7194371025503,3.1829527801582946,96.26532759215173,2.363019147816276e-10,14.580258134759209,1.0600848865290287,3.041314668150331e-06,-110.33877001329039
498,640.7207566893327,-1493.9358463922838,1625.5360350322537,5.117542304035276,82.79143569768512,5.2584340349605885e-09,11.59641727558732,0.6630156585369194,1.2651182964649238e-05,-97.95737658027251
499,-2313.414139886575,-3431.2885497500897,4138.311986096894,4.1191812155280045,93.0081778908758,5.002443715477316e-10,-14.989432616870303,0.6035392748439525,7.581729279376696e-05,-82.4046344249416
